Entity,Code,Year,Inequality in life expectancy,"Current health expenditure per capita, PPP (current international $)"
Afghanistan,AFG,2010,33.84174,143.6694946
Afghanistan,AFG,2011,32.8967,143.0915222
Afghanistan,AFG,2012,32.03576,151.917984
Afghanistan,AFG,2013,31.20423,174.0594788
Afghanistan,AFG,2014,30.73562,198.2940979
Afghanistan,AFG,2015,30.177126,211.5872955
Afghanistan,AFG,2016,29.334085,234.140213
Afghanistan,AFG,2017,28.06974,259.7868347
Afghanistan,AFG,2018,27.50607,294.3091125
Afghanistan,AFG,2019,27.02129,285.558136
Albania,ALB,2010,8.208471,451.8820496
Albania,ALB,2011,7.6430387,485.5834961
Albania,ALB,2012,7.1519456,529.6322021
Albania,ALB,2013,6.7576046,567.6047974
Albania,ALB,2014,6.456813,618.1141968
Albania,ALB,2015,6.2625985,568.918396
Albania,ALB,2016,6.1640677,591.6696167
Albania,ALB,2017,6.129035,639.8234863
Albania,ALB,2018,6.1510763,726.9824829
Algeria,DZA,2010,15.276941,670.1160889
Algeria,DZA,2011,14.960632,711.1350098
Algeria,DZA,2012,14.696569,798.2677002
Algeria,DZA,2013,14.473365,788.0767822
Algeria,DZA,2014,14.275875,851.3517456
Algeria,DZA,2015,14.088214,838.5103149
Algeria,DZA,2016,13.878539,768.076416
Algeria,DZA,2017,13.65168,737.0371704
Algeria,DZA,2018,13.386913,734.9904175
Algeria,DZA,2019,13.104673,750.4487305
Andorra,AND,2010,5.2170568,2816.19165
Andorra,AND,2011,5.215368,2631.673828
Andorra,AND,2012,5.2086177,2712.647461
Andorra,AND,2013,5.201048,2755.264893
Andorra,AND,2014,5.193582,2888.261719
Andorra,AND,2015,5.1884317,3096.173096
Andorra,AND,2016,5.1775713,3065.615479
Andorra,AND,2017,5.1694527,3319.405029
Andorra,AND,2018,5.161584,3607.000977
Andorra,AND,2019,5.1533737,3716.266113
Angola,AGO,2010,39.497757,177.5528107
Angola,AGO,2011,38.038704,177.5401306
Angola,AGO,2012,36.532726,177.5960846
Angola,AGO,2013,35.23055,209.9487915
Angola,AGO,2014,34.032326,199.0945892
Angola,AGO,2015,33.003925,191.2019958
Angola,AGO,2016,32.076153,192.7211304
Angola,AGO,2017,31.22263,204.0837402
Angola,AGO,2018,30.45383,188.5054779
Angola,AGO,2019,29.735142,178.026062
Antigua and Barbuda,ATG,2010,6.8923216,1108.554077
Antigua and Barbuda,ATG,2011,6.6217346,1107.547241
Antigua and Barbuda,ATG,2012,6.364239,1073.840454
Antigua and Barbuda,ATG,2013,6.1246295,1035.539917
Antigua and Barbuda,ATG,2014,5.8978014,1118.010742
Antigua and Barbuda,ATG,2015,5.7038207,998.4859009
Antigua and Barbuda,ATG,2016,5.5237265,1020.278687
Antigua and Barbuda,ATG,2017,5.4084444,967.3039551
Antigua and Barbuda,ATG,2018,5.198716,1049.156006
Antigua and Barbuda,ATG,2019,5.0490227,1016.470825
Argentina,ARG,2010,9.677747,1701.557617
Argentina,ARG,2011,9.3991375,1817.206787
Argentina,ARG,2012,9.146879,1929.194824
Argentina,ARG,2013,8.912259,1969.397339
Argentina,ARG,2014,8.654256,1905.104736
Argentina,ARG,2015,8.4351425,2059.328613
Argentina,ARG,2016,8.235308,1831.535278
Argentina,ARG,2017,8.007047,2470.109863
Argentina,ARG,2018,7.8136663,2260.395752
Argentina,ARG,2019,7.6287603,2198.880371
Armenia,ARM,2010,10.976511,693.2363892
Armenia,ARM,2011,10.519669,752.4575806
Armenia,ARM,2012,10.069955,855.3951416
Armenia,ARM,2013,9.644372,1015.395813
Armenia,ARM,2014,9.243107,1021.580444
Armenia,ARM,2015,8.868245,1008.695618
Armenia,ARM,2016,8.494014,1065.282104
Armenia,ARM,2017,8.135306,1255.4552
Armenia,ARM,2018,7.815752,1303.190796
Armenia,ARM,2019,7.4954305,1616.177856
Australia,AUS,2010,4.0753617,3587.303711
Australia,AUS,2011,3.8992956,3760.759766
Australia,AUS,2012,3.6183558,3778.473633
Australia,AUS,2013,3.760292,4161.620117
Australia,AUS,2014,3.596862,4283.14209
Australia,AUS,2015,3.495992,4392.074219
Australia,AUS,2016,3.4152975,4632.316406
Australia,AUS,2017,3.5509136,4715.827148
Australia,AUS,2018,3.426971,4876.28125
Australia,AUS,2019,3.4813251,5294.462891
Austria,AUT,2010,4.0799427,4303.119629
Austria,AUT,2011,3.8110905,4465.65918
Austria,AUT,2012,3.552271,4750.581543
Austria,AUT,2013,3.4779854,4945.449707
Austria,AUT,2014,3.4662158,5082.537109
Austria,AUT,2015,3.4174643,5204.62207
Austria,AUT,2016,3.4393938,5476.677734
Austria,AUT,2017,3.2683249,5641.175293
Austria,AUT,2018,3.1310754,5898.353027
Austria,AUT,2019,3.3472703,6134.131348
Azerbaijan,AZE,2010,19.142008,372.5682373
Azerbaijan,AZE,2011,18.287096,363.2433472
Azerbaijan,AZE,2012,17.484089,474.7072754
Azerbaijan,AZE,2013,16.626694,523.7232666
Azerbaijan,AZE,2014,15.873657,590.9282837
Azerbaijan,AZE,2015,15.132922,615.1613159
Azerbaijan,AZE,2016,14.327257,581.3892212
Azerbaijan,AZE,2017,13.533497,528.1168823
Azerbaijan,AZE,2018,12.818838,517.1266479
Azerbaijan,AZE,2019,12.227844,605.9345093
Bahamas,BHS,2010,10.840822,1615.977051
Bahamas,BHS,2011,10.669903,1659.361572
Bahamas,BHS,2012,10.511139,1713.535034
Bahamas,BHS,2013,10.32153,1782.023438
Bahamas,BHS,2014,10.148276,1847.066162
Bahamas,BHS,2015,10.471636,1747.153442
Bahamas,BHS,2016,9.816438,1919.687378
Bahamas,BHS,2017,9.6415205,2398.943359
Bahamas,BHS,2018,9.448786,2248.733887
Bahamas,BHS,2019,14.030402,2227.64209
Bahrain,BHR,2010,5.6768737,1801.257935
Bahrain,BHR,2011,5.584329,1694.654541
Bahrain,BHR,2012,5.3874426,2080.998291
Bahrain,BHR,2013,5.2852902,2218.687256
Bahrain,BHR,2014,5.2109814,2252.007324
Bahrain,BHR,2015,5.1453657,2272.858887
Bahrain,BHR,2016,5.073634,2175.995117
Bahrain,BHR,2017,5.003754,2262.75293
Bahrain,BHR,2018,4.8726506,1962.292725
Bahrain,BHR,2019,4.7664437,1880.575073
Bangladesh,BGD,2010,22.830402,65.39173889
Bangladesh,BGD,2011,22.04716,72.36605835
Bangladesh,BGD,2012,21.28524,80.73292542
Bangladesh,BGD,2013,20.552801,83.44547272
Bangladesh,BGD,2014,19.878923,89.45163727
Bangladesh,BGD,2015,19.167866,93.84658051
Bangladesh,BGD,2016,18.463505,95.18133545
Bangladesh,BGD,2017,17.76227,101.1800308
Bangladesh,BGD,2018,17.066523,114.0911713
Bangladesh,BGD,2019,16.43985,123.2870026
Barbados,BRB,2010,9.731397,1092.495728
Barbados,BRB,2011,9.633283,1124.894653
Barbados,BRB,2012,9.549645,1190.838745
Barbados,BRB,2013,9.444517,1149.430786
Barbados,BRB,2014,9.321573,1061.961792
Barbados,BRB,2015,9.167917,1050.834351
Barbados,BRB,2016,8.989445,1065.845825
Barbados,BRB,2017,8.820611,1045.566162
Barbados,BRB,2018,8.613004,1053.734985
Barbados,BRB,2019,8.421159,1028.8302
Belarus,BLR,2010,5.309394,874.7709961
Belarus,BLR,2011,5.060361,811.3396606
Belarus,BLR,2012,4.774452,952.6914063
Belarus,BLR,2013,4.5792108,1084.096802
Belarus,BLR,2014,4.3802876,1025.960327
Belarus,BLR,2015,4.19927,1100.082397
Belarus,BLR,2016,4.032627,1053.887207
Belarus,BLR,2017,3.8630364,1058.243042
Belarus,BLR,2018,3.7106845,1072.708374
Belarus,BLR,2019,3.58132,1198.621094
Belgium,BEL,2010,3.9813159,4101.003418
Belgium,BEL,2011,3.8482141,4269.318848
Belgium,BEL,2012,3.986088,4455.734863
Belgium,BEL,2013,3.7888408,4621.130371
Belgium,BEL,2014,3.7022629,4771.913574
Belgium,BEL,2015,3.5942407,4834.890137
Belgium,BEL,2016,3.5249615,5244.892578
Belgium,BEL,2017,3.728222,5450.47998
Belgium,BEL,2018,3.7675674,5683.120605
Belgium,BEL,2019,3.6741147,5846.896484
Belize,BLZ,2010,11.819482,429.1979675
Belize,BLZ,2011,11.488538,439.2272034
Belize,BLZ,2012,11.103587,397.184967
Belize,BLZ,2013,10.692721,408.1178284
Belize,BLZ,2014,10.324774,445.1761475
Belize,BLZ,2015,9.926147,430.1358337
Belize,BLZ,2016,9.502391,441.1098328
Belize,BLZ,2017,9.094975,410.9678345
Belize,BLZ,2018,8.700157,426.8850098
Belize,BLZ,2019,8.329051,445.7180176
Benin,BEN,2010,38.312614,70.8550415
Benin,BEN,2011,37.872536,74.81626129
Benin,BEN,2012,37.415226,85.31114197
Benin,BEN,2013,36.95907,76.31606293
Benin,BEN,2014,36.52959,75.57946777
Benin,BEN,2015,36.066936,83.93218231
Benin,BEN,2016,35.62916,82.31678009
Benin,BEN,2017,35.140415,79.73914337
Benin,BEN,2018,34.63032,81.07919312
Benin,BEN,2019,34.097305,81.98957825
Bhutan,BTN,2010,20.675034,219.6142883
Bhutan,BTN,2011,19.864458,226.4459686
Bhutan,BTN,2012,19.078482,267.9267578
Bhutan,BTN,2013,18.405764,285.1280518
Bhutan,BTN,2014,17.80426,290.4884644
Bhutan,BTN,2015,17.28673,340.1866455
Bhutan,BTN,2016,16.834187,352.9254456
Bhutan,BTN,2017,16.417454,355.4877014
Bhutan,BTN,2018,15.977331,368.2231445
Bhutan,BTN,2019,15.572121,432.1348267
Bolivia,BOL,2010,22.942276,268.8098755
Bolivia,BOL,2011,22.169233,282.4634705
Bolivia,BOL,2012,21.490164,311.1203613
Bolivia,BOL,2013,20.945099,369.3096924
Bolivia,BOL,2014,20.519758,416.0808716
Bolivia,BOL,2015,20.16285,467.3143616
Bolivia,BOL,2016,19.82934,512.4842529
Bolivia,BOL,2017,19.58059,546.7148438
Bolivia,BOL,2018,19.32531,588.9136963
Bolivia,BOL,2019,19.04623,630.7590942
Bosnia and Herzegovina,BIH,2010,5.0687485,843.1259155
Bosnia and Herzegovina,BIH,2011,4.8806577,914.9526367
Bosnia and Herzegovina,BIH,2012,4.7490587,976.7508545
Bosnia and Herzegovina,BIH,2013,4.63386,1039.547729
Bosnia and Herzegovina,BIH,2014,4.6033373,1082.855347
Bosnia and Herzegovina,BIH,2015,4.450703,1123.091553
Bosnia and Herzegovina,BIH,2016,4.3655753,1209.121948
Bosnia and Herzegovina,BIH,2017,4.305916,1233.234863
Bosnia and Herzegovina,BIH,2018,4.2110724,1368.179321
Bosnia and Herzegovina,BIH,2019,4.134665,1476.801392
Botswana,BWA,2010,24.608404,827.0404663
Botswana,BWA,2011,24.717669,823.3661499
Botswana,BWA,2012,24.389809,834.6508179
Botswana,BWA,2013,23.935461,915.4568481
Botswana,BWA,2014,23.983017,912.5057373
Botswana,BWA,2015,23.66825,890.276001
Botswana,BWA,2016,23.258965,959.7703857
Botswana,BWA,2017,22.626663,1058.433838
Botswana,BWA,2018,22.680738,1078.192871
Botswana,BWA,2019,22.400883,1122.141968
Brazil,BRA,2010,12.036635,1136.123169
Brazil,BRA,2011,11.64214,1171.348755
Brazil,BRA,2012,11.240582,1164.03772
Brazil,BRA,2013,10.912716,1243.450439
Brazil,BRA,2014,10.63202,1319.800171
Brazil,BRA,2015,10.422511,1313.59729
Brazil,BRA,2016,10.2379465,1307.14978
Brazil,BRA,2017,10.075064,1375.662476
Brazil,BRA,2018,9.894665,1438.767334
Brazil,BRA,2019,9.712619,1497.814697
Brunei,BRN,2010,6.849526,1828.931885
Brunei,BRN,2011,6.9027557,1564.630371
Brunei,BRN,2012,6.972268,1633.4198
Brunei,BRN,2013,7.052104,1590.541626
Brunei,BRN,2014,7.135953,1557.807861
Brunei,BRN,2015,7.2239275,1492.925659
Brunei,BRN,2016,7.3130093,1434.583984
Brunei,BRN,2017,7.4008303,1384.766235
Brunei,BRN,2018,7.4814415,1492.612061
Brunei,BRN,2019,7.5403857,1400.913574
Bulgaria,BGR,2010,7.5130134,1058.338135
Bulgaria,BGR,2011,6.9848027,1115.256714
Bulgaria,BGR,2012,6.7068663,1227.34021
Bulgaria,BGR,2013,6.5341787,1185.870728
Bulgaria,BGR,2014,6.5557213,1349.417725
Bulgaria,BGR,2015,5.937725,1354.826416
Bulgaria,BGR,2016,5.8621125,1491.414307
Bulgaria,BGR,2017,5.7991767,1607.707397
Bulgaria,BGR,2018,5.5467362,1729.404419
Bulgaria,BGR,2019,5.3900967,1797.512329
Burkina Faso,BFA,2010,39.624783,78.70397186
Burkina Faso,BFA,2011,38.652187,73.75465393
Burkina Faso,BFA,2012,37.83333,74.53564453
Burkina Faso,BFA,2013,37.092796,93.63652802
Burkina Faso,BFA,2014,36.3169,84.61976624
Burkina Faso,BFA,2015,35.547497,87.93650818
Burkina Faso,BFA,2016,34.8251,112.8574524
Burkina Faso,BFA,2017,34.140144,123.814476
Burkina Faso,BFA,2018,33.421192,107.5683212
Burkina Faso,BFA,2019,32.92782,122.4075089
Burundi,BDI,2010,35.46485,74.76863098
Burundi,BDI,2011,34.250526,68.67428589
Burundi,BDI,2012,33.05984,58.89279556
Burundi,BDI,2013,31.911972,63.25992203
Burundi,BDI,2014,30.90491,56.84440994
Burundi,BDI,2015,30.09469,54.10795593
Burundi,BDI,2016,29.221611,61.51781082
Burundi,BDI,2017,28.349665,61.13557816
Burundi,BDI,2018,27.74938,64.31546021
Burundi,BDI,2019,27.000946,61.79641724
Cambodia,KHM,2010,22.629435,167.7637634
Cambodia,KHM,2011,21.533806,195.940155
Cambodia,KHM,2012,20.429003,208.3034515
Cambodia,KHM,2013,19.652985,216.3547363
Cambodia,KHM,2014,18.833784,213.4678345
Cambodia,KHM,2015,18.237152,209.9090881
Cambodia,KHM,2016,17.65915,224.7831573
Cambodia,KHM,2017,17.090538,224.8098297
Cambodia,KHM,2018,16.67338,261.7707214
Cambodia,KHM,2019,16.25069,316.0470276
Cameroon,CMR,2010,37.677807,100.8098221
Cameroon,CMR,2011,36.852283,111.4235687
Cameroon,CMR,2012,35.895462,116.3061447
Cameroon,CMR,2013,34.930946,113.6486511
Cameroon,CMR,2014,34.053936,125.8601608
Cameroon,CMR,2015,33.082546,122.2302856
Cameroon,CMR,2016,32.19634,126.9918518
Cameroon,CMR,2017,31.366314,124.1297073
Cameroon,CMR,2018,30.629759,127.9084778
Cameroon,CMR,2019,29.99463,136.2372742
Canada,CAN,2010,4.6554666,4272.628418
Canada,CAN,2011,4.5649657,4308.483398
Canada,CAN,2012,4.5080123,4416.809082
Canada,CAN,2013,4.5933905,4581.4375
Canada,CAN,2014,4.441313,4659.252441
Canada,CAN,2015,4.404285,4751.443359
Canada,CAN,2016,4.452618,5084.125977
Canada,CAN,2017,4.4047747,5208.718262
Canada,CAN,2018,4.4904637,5427.74707
Canada,CAN,2019,4.315177,5520.651367
Cape Verde,CPV,2010,14.967784,254.7690125
Cape Verde,CPV,2011,14.438447,256.8897095
Cape Verde,CPV,2012,13.787508,298.7253723
Cape Verde,CPV,2013,13.128702,306.4369812
Cape Verde,CPV,2014,12.429317,306.2173462
Cape Verde,CPV,2015,11.8751135,288.9324951
Cape Verde,CPV,2016,11.036905,306.445282
Cape Verde,CPV,2017,10.376566,350.644043
Cape Verde,CPV,2018,9.949831,370.2981262
Cape Verde,CPV,2019,9.499298,369.683197
Central African Republic,CAF,2010,44.79053,36.69820023
Central African Republic,CAF,2011,43.933395,39.2281723
Central African Republic,CAF,2012,43.138084,43.42205429
Central African Republic,CAF,2013,42.441124,36.56655502
Central African Republic,CAF,2014,42.45574,35.41543961
Central African Republic,CAF,2015,40.651577,39.62092972
Central African Republic,CAF,2016,39.56866,46.33256531
Central African Republic,CAF,2017,38.805878,60.84211731
Central African Republic,CAF,2018,38.195904,107.8244095
Central African Republic,CAF,2019,37.30686,78.4431076
Chad,TCD,2010,45.785213,74.05310059
Chad,TCD,2011,45.214714,70.3765564
Chad,TCD,2012,44.56535,66.93326569
Chad,TCD,2013,43.98738,64.00440979
Chad,TCD,2014,43.38812,71.96820831
Chad,TCD,2015,42.809044,82.3395462
Chad,TCD,2016,42.156525,84.95798492
Chad,TCD,2017,41.521618,72.91976166
Chad,TCD,2018,40.84914,66.04032135
Chad,TCD,2019,40.170277,69.39678955
Chile,CHL,2010,6.351671,1230.442749
Chile,CHL,2011,6.3614264,1377.555908
Chile,CHL,2012,6.1188498,1510.03894
Chile,CHL,2013,5.9016395,1670.555786
Chile,CHL,2014,6.179283,1779.022217
Chile,CHL,2015,5.946847,1884.590698
Chile,CHL,2016,5.8611155,1996.571167
Chile,CHL,2017,5.723002,2219.135498
Chile,CHL,2018,5.8902664,2265.859863
Chile,CHL,2019,5.796098,2424.14917
China,CHN,2010,9.953668,379.2458801
China,CHN,2011,9.3453245,433.3498535
China,CHN,2012,8.798551,499.3136902
China,CHN,2013,8.287769,551.3839111
China,CHN,2014,7.8089585,587.2523193
China,CHN,2015,7.3610396,627.6307373
China,CHN,2016,6.9525843,658.5780029
China,CHN,2017,6.584622,706.3682861
China,CHN,2018,6.200069,784.1933594
China,CHN,2019,5.8636584,880.1912842
Colombia,COL,2010,11.829205,751.3070679
Colombia,COL,2011,11.513978,779.008667
Colombia,COL,2012,11.135651,802.7008667
Colombia,COL,2013,10.817883,884.2403564
Colombia,COL,2014,10.538521,946.6836548
Colombia,COL,2015,10.268424,988.0946045
Colombia,COL,2016,10.00915,1040.212402
Colombia,COL,2017,9.804891,1088.165161
Colombia,COL,2018,9.588565,1133.58606
Colombia,COL,2019,9.439794,1204.297729
Comoros,COM,2010,32.05079,112.4601517
Comoros,COM,2011,31.43015,123.9135437
Comoros,COM,2012,30.876245,129.9496002
Comoros,COM,2013,30.247602,134.3121338
Comoros,COM,2014,29.718534,142.1411133
Comoros,COM,2015,29.134466,124.6660004
Comoros,COM,2016,28.539967,133.2454529
Comoros,COM,2017,27.94857,159.7414246
Comoros,COM,2018,27.386036,154.0124207
Comoros,COM,2019,26.848045,168.644043
Congo,COG,2010,26.800224,99.06448364
Congo,COG,2011,26.051992,95.1230011
Congo,COG,2012,25.498962,120.9951248
Congo,COG,2013,24.98528,117.9491806
Congo,COG,2014,24.309248,117.0279617
Congo,COG,2015,23.800747,113.9838562
Congo,COG,2016,23.275974,106.5578232
Congo,COG,2017,22.79309,106.8156052
Congo,COG,2018,22.347767,76.79745483
Congo,COG,2019,23.815063,81.69192505
Costa Rica,CRI,2010,7.0806966,1032.442627
Costa Rica,CRI,2011,6.836194,1100.19751
Costa Rica,CRI,2012,6.6789203,1115.134644
Costa Rica,CRI,2013,6.497566,1152.799683
Costa Rica,CRI,2014,6.3840356,1231.360474
Costa Rica,CRI,2015,6.2347345,1297.526978
Costa Rica,CRI,2016,6.100358,1401.871826
Costa Rica,CRI,2017,5.990524,1439.770874
Costa Rica,CRI,2018,5.8467226,1530.218872
Costa Rica,CRI,2019,5.7061105,1636.182373
Cote d'Ivoire,CIV,2010,37.171658,153.9613953
Cote d'Ivoire,CIV,2011,36.60098,147.7742462
Cote d'Ivoire,CIV,2012,35.953926,160.712265
Cote d'Ivoire,CIV,2013,35.30152,145.3506165
Cote d'Ivoire,CIV,2014,34.623486,161.29422
Cote d'Ivoire,CIV,2015,33.991463,149.8188477
Cote d'Ivoire,CIV,2016,33.498592,158.4353485
Cote d'Ivoire,CIV,2017,32.97799,159.661087
Cote d'Ivoire,CIV,2018,32.332035,160.8139954
Cote d'Ivoire,CIV,2019,31.693325,179.5517883
Croatia,HRV,2010,4.1254096,1599.980103
Croatia,HRV,2011,4.236784,1612.711426
Croatia,HRV,2012,3.8530917,1644.494873
Croatia,HRV,2013,3.7781782,1420.100952
Croatia,HRV,2014,4.1865163,1475.167969
Croatia,HRV,2015,3.8691976,1553.339722
Croatia,HRV,2016,3.7820086,1692.241333
Croatia,HRV,2017,3.7121968,1804.069946
Croatia,HRV,2018,3.748036,1989.765747
Croatia,HRV,2019,3.5821812,2167.814209
Cuba,CUB,2010,5.2186813,2041.550415
Cuba,CUB,2011,5.142801,2170.579834
Cuba,CUB,2012,5.077011,1888.163574
Cuba,CUB,2013,5.016538,2228.87915
Cuba,CUB,2014,4.957206,2706.486328
Cuba,CUB,2015,4.8981776,3180.360596
Cuba,CUB,2016,4.84003,2493.62793
Cuba,CUB,2017,4.7849526,2517.681641
Cuba,CUB,2018,4.737169,2519.294189
Cuba,CUB,2019,4.707096,2599.493164
Cyprus,CYP,2010,3.192302,2207.533447
Cyprus,CYP,2011,3.090479,2176.952881
Cyprus,CYP,2012,2.9989753,2091.369141
Cyprus,CYP,2013,2.9186368,2100.015137
Cyprus,CYP,2014,2.847974,2077.878418
Cyprus,CYP,2015,2.8010573,2150.311768
Cyprus,CYP,2016,2.7720773,2374.922607
Cyprus,CYP,2017,2.73808,2532.874756
Cyprus,CYP,2018,2.7049189,2845.90625
Cyprus,CYP,2019,2.6834347,3017.266602
Czechia,CZE,2010,3.4759398,1920.693359
Czechia,CZE,2011,3.4239328,2010.957397
Czechia,CZE,2012,3.3933291,2042.604614
Czechia,CZE,2013,3.2700324,2379.507568
Czechia,CZE,2014,3.2219186,2472.175537
Czechia,CZE,2015,3.199077,2441.335205
Czechia,CZE,2016,3.4210596,2568.337158
Czechia,CZE,2017,3.3191452,2785.649658
Czechia,CZE,2018,3.2771964,3198.919434
Czechia,CZE,2019,3.2740576,3477.025879
Democratic Republic of Congo,COD,2010,39.50904,24.47130585
Democratic Republic of Congo,COD,2011,38.71743,21.82534981
Democratic Republic of Congo,COD,2012,38.06074,22.10238457
Democratic Republic of Congo,COD,2013,37.311714,26.87404633
Democratic Republic of Congo,COD,2014,36.602356,33.80978012
Democratic Republic of Congo,COD,2015,35.976437,35.9392662
Democratic Republic of Congo,COD,2016,35.252766,42.07409668
Democratic Republic of Congo,COD,2017,34.58361,44.05067825
Democratic Republic of Congo,COD,2018,33.86744,36.98197174
Democratic Republic of Congo,COD,2019,33.348877,40.61373901
Denmark,DNK,2010,3.6317332,4457.368652
Denmark,DNK,2011,3.624849,4516.297852
Denmark,DNK,2012,3.5220757,4597.623047
Denmark,DNK,2013,3.5263817,4762.361328
Denmark,DNK,2014,3.8336074,4886.55127
Denmark,DNK,2015,3.5997496,5037.012695
Denmark,DNK,2016,3.4225788,5291.916016
Denmark,DNK,2017,3.602242,5573.279785
Denmark,DNK,2018,3.5322256,5799.371094
Denmark,DNK,2019,3.171469,6015.460938
Djibouti,DJI,2010,31.853636,109.8675766
Djibouti,DJI,2011,31.339586,130.6305389
Djibouti,DJI,2012,30.767214,130.61026
Djibouti,DJI,2013,30.214663,119.841568
Djibouti,DJI,2014,29.640774,127.2684631
Djibouti,DJI,2015,29.103735,141.5709076
Djibouti,DJI,2016,28.579725,128.724762
Djibouti,DJI,2017,27.962225,121.0828247
Djibouti,DJI,2018,27.4425,121.5772552
Djibouti,DJI,2019,27.027271,104.1417923
Dominica,DMA,2010,14.30051,516.4927979
Dominica,DMA,2011,18.650904,544.1344604
Dominica,DMA,2012,17.510124,576.2558594
Dominica,DMA,2013,21.271418,542.4144897
Dominica,DMA,2014,20.873081,574.2160645
Dominica,DMA,2015,21.104,574.760498
Dominica,DMA,2016,18.540195,612.2550659
Dominica,DMA,2017,22.673565,619.4489136
Dominica,DMA,2018,9.300085,735.9143677
Dominica,DMA,2019,9.284257,675.3741455
Dominican Republic,DOM,2010,18.557386,636.628418
Dominican Republic,DOM,2011,18.636713,672.3969116
Dominican Republic,DOM,2012,18.55196,700.3691406
Dominican Republic,DOM,2013,18.548733,719.4811401
Dominican Republic,DOM,2014,18.538256,774.951416
Dominican Republic,DOM,2015,18.501486,852.7034912
Dominican Republic,DOM,2016,18.444069,938.8179321
Dominican Republic,DOM,2017,18.344303,975.7706299
Dominican Republic,DOM,2018,18.239258,1040.134033
Dominican Republic,DOM,2019,18.144062,1140.039795
East Timor,TLS,2010,26.563532,127.1425171
East Timor,TLS,2011,25.84834,141.3890991
East Timor,TLS,2012,25.146164,164.010849
East Timor,TLS,2013,24.489439,211.9457397
East Timor,TLS,2014,23.848803,206.8872681
East Timor,TLS,2015,23.205221,223.4108734
East Timor,TLS,2016,22.635004,215.943512
East Timor,TLS,2017,22.081215,212.1135101
East Timor,TLS,2018,21.578451,237.9570007
East Timor,TLS,2019,21.110914,220.3051605
Ecuador,ECU,2010,12.392084,556.0130005
Ecuador,ECU,2011,11.90227,638.5113525
Ecuador,ECU,2012,11.445869,697.2825317
Ecuador,ECU,2013,10.989984,758.5909424
Ecuador,ECU,2014,10.596791,787.590271
Ecuador,ECU,2015,10.27711,828.5776978
Ecuador,ECU,2016,10.149422,803.2877808
Ecuador,ECU,2017,9.787413,863.0466919
Ecuador,ECU,2018,9.583942,931.4721069
Ecuador,ECU,2019,9.379899,934.5194092
Egypt,EGY,2010,15.475748,415.846283
Egypt,EGY,2011,15.023608,443.7524414
Egypt,EGY,2012,14.459681,522.4970093
Egypt,EGY,2013,14.014206,551.789978
Egypt,EGY,2014,13.468617,547.5418091
Egypt,EGY,2015,13.038452,614.3677368
Egypt,EGY,2016,12.581082,600.3586426
Egypt,EGY,2017,12.170757,620.4521484
Egypt,EGY,2018,11.773022,576.057251
Egypt,EGY,2019,11.385559,582.227356
El Salvador,SLV,2010,13.3907795,504.6463013
El Salvador,SLV,2011,12.895486,526.6068726
El Salvador,SLV,2012,12.355422,493.1596985
El Salvador,SLV,2013,11.95781,530.8065796
El Salvador,SLV,2014,11.681037,555.6079712
El Salvador,SLV,2015,11.5591345,579.7233887
El Salvador,SLV,2016,11.513032,619.3892212
El Salvador,SLV,2017,11.365679,609.7692871
El Salvador,SLV,2018,10.847123,625.9857788
El Salvador,SLV,2019,9.886943,656.7059937
Equatorial Guinea,GNQ,2010,38.06474,599.5062256
Equatorial Guinea,GNQ,2011,37.24566,532.5430908
Equatorial Guinea,GNQ,2012,36.512463,474.7335205
Equatorial Guinea,GNQ,2013,35.78303,652.0947876
Equatorial Guinea,GNQ,2014,35.032192,738.9296265
Equatorial Guinea,GNQ,2015,34.30584,700.9188843
Equatorial Guinea,GNQ,2016,33.592026,643.3278809
Equatorial Guinea,GNQ,2017,32.923515,667.4574585
Equatorial Guinea,GNQ,2018,32.185715,638.5423584
Equatorial Guinea,GNQ,2019,31.539406,607.4326782
Eritrea,ERI,2010,26.13821,63.2988205
Eritrea,ERI,2011,25.487198,84.84835815
Eritrea,ERI,2012,24.887165,63.10240173
Eritrea,ERI,2013,24.407166,75.43094635
Eritrea,ERI,2014,23.819172,80.79001617
Eritrea,ERI,2015,23.277082,70.76725006
Eritrea,ERI,2016,22.817131,59.85964584
Eritrea,ERI,2017,22.338812,57.31135559
Eritrea,ERI,2018,21.796078,72.61849976
Eritrea,ERI,2019,21.362453,81.84661102
Estonia,EST,2010,4.915425,1366.209717
Estonia,EST,2011,4.355072,1426.672852
Estonia,EST,2012,4.5728946,1513.638306
Estonia,EST,2013,3.9036396,1649.725342
Estonia,EST,2014,4.1185846,1769.96167
Estonia,EST,2015,3.9088051,1865.889648
Estonia,EST,2016,3.7966766,2030.031494
Estonia,EST,2017,3.6967762,2241.849121
Estonia,EST,2018,3.264021,2434.202148
Estonia,EST,2019,3.066164,2616.813965
Eswatini,SWZ,2010,32.494778,667.6537476
Eswatini,SWZ,2011,30.10038,682.4683228
Eswatini,SWZ,2012,28.602633,646.4701538
Eswatini,SWZ,2013,27.84177,649.3967285
Eswatini,SWZ,2014,27.806425,638.401001
Eswatini,SWZ,2015,26.499922,622.0632935
Eswatini,SWZ,2016,26.002773,593.774231
Eswatini,SWZ,2017,26.489975,586.9703369
Eswatini,SWZ,2018,25.0445,633.4338989
Eswatini,SWZ,2019,23.891699,610.4940186
Ethiopia,ETH,2010,33.048367,56.22169876
Ethiopia,ETH,2011,31.906857,50.7133255
Ethiopia,ETH,2012,30.840437,55.09231567
Ethiopia,ETH,2013,29.790749,52.30632782
Ethiopia,ETH,2014,28.831236,61.05818176
Ethiopia,ETH,2015,27.831045,63.36304855
Ethiopia,ETH,2016,26.883194,67.64360046
Ethiopia,ETH,2017,26.009481,69.81202698
Ethiopia,ETH,2018,25.185522,71.2833786
Ethiopia,ETH,2019,24.463024,75.11408997
Fiji,FJI,2010,13.730014,292.9075012
Fiji,FJI,2011,13.6496725,281.3243713
Fiji,FJI,2012,13.777889,312.6731262
Fiji,FJI,2013,13.661674,330.6043701
Fiji,FJI,2014,13.772303,382.2297363
Fiji,FJI,2015,13.963224,412.6698608
Fiji,FJI,2016,14.429424,414.29245
Fiji,FJI,2017,14.400372,427.9801636
Fiji,FJI,2018,14.737334,485.1592102
Fiji,FJI,2019,14.962546,545.3103027
Finland,FIN,2010,3.3927915,3562.516602
Finland,FIN,2011,3.3752058,3772.536133
Finland,FIN,2012,3.363851,3917.43335
Finland,FIN,2013,2.8868573,4068.539063
Finland,FIN,2014,3.1045291,4084.430176
Finland,FIN,2015,2.7164996,4097.81543
Finland,FIN,2016,2.885516,4212.087402
Finland,FIN,2017,2.9945455,4339.097168
Finland,FIN,2018,2.9804773,4490.17627
Finland,FIN,2019,3.0136485,4710.218262
France,FRA,2010,4.029209,4056.390381
France,FRA,2011,3.894944,4211.188965
France,FRA,2012,3.8841145,4281.725586
France,FRA,2013,3.9315875,4539.580566
France,FRA,2014,3.8370426,4644.625977
France,FRA,2015,3.9218223,4682.66748
France,FRA,2016,3.8737516,4930.489258
France,FRA,2017,3.931788,5059.994629
France,FRA,2018,3.9700527,5220.80127
France,FRA,2019,3.9108005,5492.530273
Gabon,GAB,2010,26.380964,367.3019714
Gabon,GAB,2011,25.683096,399.9932556
Gabon,GAB,2012,24.978134,371.7696228
Gabon,GAB,2013,24.338175,429.3791504
Gabon,GAB,2014,23.683664,389.3187866
Gabon,GAB,2015,22.911377,390.6312866
Gabon,GAB,2016,21.987806,443.9726868
Gabon,GAB,2017,21.394794,417.2991028
Gabon,GAB,2018,20.975813,414.7190552
Gabon,GAB,2019,20.661362,432.1871643
Gambia,GMB,2010,30.437695,123.9325333
Gambia,GMB,2011,29.555014,121.8564072
Gambia,GMB,2012,28.79298,113.6037369
Gambia,GMB,2013,28.209318,83.03028107
Gambia,GMB,2014,27.589867,90.23688507
Gambia,GMB,2015,26.961447,65.64605713
Gambia,GMB,2016,26.266504,76.1849823
Gambia,GMB,2017,25.77181,85.90573883
Gambia,GMB,2018,25.262552,108.0538559
Gambia,GMB,2019,24.577038,88.71116638
Georgia,GEO,2010,9.310502,634.0239258
Georgia,GEO,2011,8.75388,616.7489014
Georgia,GEO,2012,8.313811,725.4868774
Georgia,GEO,2013,7.9421687,768.1315308
Georgia,GEO,2014,7.6443815,843.293457
Georgia,GEO,2015,7.4939685,830.7254639
Georgia,GEO,2016,7.2401814,954.5198364
Georgia,GEO,2017,7.085972,892.0102539
Georgia,GEO,2018,6.9814467,967.1144409
Georgia,GEO,2019,6.8511305,970.199707
Germany,DEU,2010,3.719281,4323.986328
Germany,DEU,2011,3.7689826,4588.230957
Germany,DEU,2012,3.5504642,4711.658203
Germany,DEU,2013,3.5512419,4955.896484
Germany,DEU,2014,3.4875445,5195.209961
Germany,DEU,2015,3.5264676,5356.607422
Germany,DEU,2016,3.6503015,5694.912598
Germany,DEU,2017,3.442045,6028.248047
Germany,DEU,2018,3.490634,6500.015625
Germany,DEU,2019,3.474846,6738.67041
Ghana,GHA,2010,30.048258,169.1307983
Ghana,GHA,2011,29.22133,215.8249207
Ghana,GHA,2012,28.399292,205.4493408
Ghana,GHA,2013,27.651922,243.1523895
Ghana,GHA,2014,26.859127,223.6450195
Ghana,GHA,2015,26.228579,236.5086823
Ghana,GHA,2016,25.455687,169.2717743
Ghana,GHA,2017,24.905764,167.78508
Ghana,GHA,2018,24.411522,185.6306763
Ghana,GHA,2019,23.750883,193.2235413
Greece,GRC,2010,3.558342,2681.254639
Greece,GRC,2011,3.5669878,2356.136475
Greece,GRC,2012,3.577052,2214.806396
Greece,GRC,2013,3.580942,2163.441406
Greece,GRC,2014,3.6421623,2100.170166
Greece,GRC,2015,3.6972795,2148.73291
Greece,GRC,2016,3.6433842,2284.259521
Greece,GRC,2017,3.627618,2325.622314
Greece,GRC,2018,3.531683,2360.416016
Greece,GRC,2019,3.4845502,2418.808105
Grenada,GRD,2010,9.429408,588.7130737
Grenada,GRD,2011,9.493803,645.067749
Grenada,GRD,2012,9.592566,650.1292725
Grenada,GRD,2013,9.679112,668.8361816
Grenada,GRD,2014,9.766962,622.5448608
Grenada,GRD,2015,9.843904,657.647583
Grenada,GRD,2016,9.923321,666.9171753
Grenada,GRD,2017,9.969643,755.1636963
Grenada,GRD,2018,9.964536,787.5132446
Grenada,GRD,2019,9.900879,879.5064087
Guatemala,GTM,2010,19.132532,403.2645569
Guatemala,GTM,2011,18.559845,405.1483765
Guatemala,GTM,2012,18.005339,426.1948547
Guatemala,GTM,2013,17.498075,414.6004028
Guatemala,GTM,2014,17.033913,439.1633911
Guatemala,GTM,2015,16.674616,471.4163208
Guatemala,GTM,2016,16.206825,476.3337402
Guatemala,GTM,2017,15.764086,485.6390076
Guatemala,GTM,2018,15.373643,502.3175049
Guatemala,GTM,2019,14.826792,529.1203613
Guinea,GIN,2010,40.430088,56.67878723
Guinea,GIN,2011,39.967876,66.08825684
Guinea,GIN,2012,39.52573,60.84526825
Guinea,GIN,2013,39.066074,62.68696594
Guinea,GIN,2014,38.832657,86.40129089
Guinea,GIN,2015,38.447636,105.6903381
Guinea,GIN,2016,37.81837,112.1832504
Guinea,GIN,2017,37.387573,94.66012573
Guinea,GIN,2018,36.949974,103.906929
Guinea,GIN,2019,36.44086,119.5900192
Guinea-Bissau,GNB,2010,38.398037,92.73711395
Guinea-Bissau,GNB,2011,37.37679,94.1291275
Guinea-Bissau,GNB,2012,36.42705,85.45799255
Guinea-Bissau,GNB,2013,35.496815,101.8845978
Guinea-Bissau,GNB,2014,34.65617,147.8588257
Guinea-Bissau,GNB,2015,33.872696,142.7956543
Guinea-Bissau,GNB,2016,33.13348,153.6361084
Guinea-Bissau,GNB,2017,32.40891,146.7349854
Guinea-Bissau,GNB,2018,31.741167,157.0849915
Guinea-Bissau,GNB,2019,31.055435,186.4270325
Guyana,GUY,2010,19.469494,331.3906555
Guyana,GUY,2011,19.212437,375.7261353
Guyana,GUY,2012,18.92346,388.604126
Guyana,GUY,2013,18.622616,419.135498
Guyana,GUY,2014,18.295277,432.3233948
Guyana,GUY,2015,17.955976,450.4687805
Guyana,GUY,2016,17.609537,453.9488525
Guyana,GUY,2017,17.24731,518.524231
Guyana,GUY,2018,16.905985,626.925354
Guyana,GUY,2019,16.56174,673.5684204
Haiti,HTI,2010,43.574493,121.5797272
Haiti,HTI,2011,31.702192,165.8739624
Haiti,HTI,2012,30.850853,153.7191467
Haiti,HTI,2013,30.280993,121.1991882
Haiti,HTI,2014,29.72367,134.0503387
Haiti,HTI,2015,29.229773,147.1104279
Haiti,HTI,2016,28.920172,148.2682495
Haiti,HTI,2017,28.120121,142.7127228
Haiti,HTI,2018,27.626347,140.2251282
Haiti,HTI,2019,27.184149,143.4503784
Honduras,HND,2010,13.815298,329.6844482
Honduras,HND,2011,13.196401,345.3684387
Honduras,HND,2012,12.730535,349.0829773
Honduras,HND,2013,12.350331,351.1468201
Honduras,HND,2014,11.965036,352.4026489
Honduras,HND,2015,11.601396,360.972168
Honduras,HND,2016,11.315993,395.8739319
Honduras,HND,2017,11.036491,388.7817078
Honduras,HND,2018,10.737219,419.4502258
Honduras,HND,2019,10.525048,435.6843262
Hungary,HUN,2010,5.072165,1618.442139
Hungary,HUN,2011,4.9355206,1720.48938
Hungary,HUN,2012,4.847211,1722.257813
Hungary,HUN,2013,4.8474455,1773.085571
Hungary,HUN,2014,4.6236796,1808.397217
Hungary,HUN,2015,4.41793,1834.461792
Hungary,HUN,2016,4.2682033,1949.24939
Hungary,HUN,2017,4.0139327,1988.702026
Hungary,HUN,2018,3.831593,2083.1875
Hungary,HUN,2019,4.0436864,2155.909424
Iceland,ISL,2010,2.8368201,3304.679688
Iceland,ISL,2011,2.2752838,3311.723633
Iceland,ISL,2012,2.6625004,3384.375977
Iceland,ISL,2013,2.932671,3592.751465
Iceland,ISL,2014,2.6725528,3771.124756
Iceland,ISL,2015,2.6383803,3977.299561
Iceland,ISL,2016,2.241741,4372.529297
Iceland,ISL,2017,2.974421,4762.730957
Iceland,ISL,2018,2.4462695,5304.017578
Iceland,ISL,2019,2.2253747,5636.412598
India,IND,2010,25.643324,141.3487244
India,IND,2011,24.738605,145.8799133
India,IND,2012,23.835312,161.8450012
India,IND,2013,22.968845,189.6179962
India,IND,2014,22.057632,189.4438171
India,IND,2015,21.201551,196.4977112
India,IND,2016,20.37557,204.646637
India,IND,2017,19.589155,181.5291138
India,IND,2018,18.83567,195.5650024
India,IND,2019,18.16868,211.0022278
Indonesia,IDN,2010,18.014673,237.3850861
Indonesia,IDN,2011,17.54471,271.9103699
Indonesia,IDN,2012,17.099585,283.0893555
Indonesia,IDN,2013,16.6248,288.870636
Indonesia,IDN,2014,16.178293,304.6796875
Indonesia,IDN,2015,15.763045,299.6575317
Indonesia,IDN,2016,15.327211,317.0875854
Indonesia,IDN,2017,14.880727,317.5895691
Indonesia,IDN,2018,14.449028,334.032196
Indonesia,IDN,2019,14.000448,358.2896118
Iran,IRN,2010,12.084229,1163.981812
Iran,IRN,2011,11.464166,1183.940918
Iran,IRN,2012,11.0274315,1050.171143
Iran,IRN,2013,10.63452,907.0648804
Iran,IRN,2014,10.226933,1029.781738
Iran,IRN,2015,9.873606,1024.30188
Iran,IRN,2016,9.595793,1200.916382
Iran,IRN,2017,9.296428,1225.070068
Iran,IRN,2018,9.081683,1167.865234
Iran,IRN,2019,8.9642,868.1844482
Iraq,IRQ,2010,19.101883,410.3755188
Iraq,IRQ,2011,18.52131,377.2619324
Iraq,IRQ,2012,18.050694,407.9539185
Iraq,IRQ,2013,17.769623,438.0033264
Iraq,IRQ,2014,17.040459,398.9890442
Iraq,IRQ,2015,16.597698,326.6296692
Iraq,IRQ,2016,16.60843,330.9665222
Iraq,IRQ,2017,15.83956,452.5956421
Iraq,IRQ,2018,15.086219,448.3921509
Iraq,IRQ,2019,14.846037,483.3388977
Ireland,IRL,2010,3.8505673,4561.692383
Ireland,IRL,2011,3.7751954,4802.279785
Ireland,IRL,2012,3.6222942,4938.226563
Ireland,IRL,2013,3.6898966,4945.745117
Ireland,IRL,2014,3.5630343,4898.442871
Ireland,IRL,2015,3.50788,5077.476563
Ireland,IRL,2016,3.2596536,5356.188477
Ireland,IRL,2017,3.0887377,5582.932129
Ireland,IRL,2018,3.0382826,5869.537598
Ireland,IRL,2019,2.9838815,6010.066406
Israel,ISR,2010,3.7516768,2098.89624
Israel,ISR,2011,3.6417243,2210.542236
Israel,ISR,2012,3.6131365,2342.507568
Israel,ISR,2013,3.3747373,2518.752441
Israel,ISR,2014,3.3728275,2560.209717
Israel,ISR,2015,3.378642,2645.223389
Israel,ISR,2016,3.311211,2857.233154
Israel,ISR,2017,3.286373,2992.02417
Israel,ISR,2018,3.335021,3220.527832
Israel,ISR,2019,3.3072202,3326.25293
Italy,ITA,2010,3.3401697,3141.753418
Italy,ITA,2011,3.2773485,3211.956055
Italy,ITA,2012,3.178962,3212.635498
Italy,ITA,2013,3.1260624,3216.071777
Italy,ITA,2014,3.0086553,3210.07373
Italy,ITA,2015,3.056837,3264.642822
Italy,ITA,2016,3.0127711,3481.573486
Italy,ITA,2017,3.1062715,3616.672852
Italy,ITA,2018,3.0499034,3855.102051
Italy,ITA,2019,2.78975,3998.011963
Jamaica,JAM,2010,10.931536,418.3212585
Jamaica,JAM,2011,10.6256895,427.4147034
Jamaica,JAM,2012,10.335829,399.954071
Jamaica,JAM,2013,10.074284,418.3017883
Jamaica,JAM,2014,9.888204,441.4090576
Jamaica,JAM,2015,9.724695,494.5276794
Jamaica,JAM,2016,9.542559,524.1490479
Jamaica,JAM,2017,9.3449545,590.2579956
Jamaica,JAM,2018,9.304,595.9465332
Jamaica,JAM,2019,9.162585,597.8539429
Japan,JPN,2010,3.186791,3191.907227
Japan,JPN,2011,3.3576381,3778.414307
Japan,JPN,2012,3.054443,3988.363525
Japan,JPN,2013,2.9620736,4177.434082
Japan,JPN,2014,2.9389174,4214.348633
Japan,JPN,2015,2.8339648,4367.501465
Japan,JPN,2016,2.8108053,4303.919922
Japan,JPN,2017,2.7009819,4398.024414
Japan,JPN,2018,2.708943,4531.747559
Japan,JPN,2019,2.7066243,4587.034668
Jordan,JOR,2010,11.914179,772.9302979
Jordan,JOR,2011,11.678866,766.1282959
Jordan,JOR,2012,11.458734,718.425293
Jordan,JOR,2013,11.226852,668.0393066
Jordan,JOR,2014,10.974931,661.8590088
Jordan,JOR,2015,10.729593,706.1611938
Jordan,JOR,2016,10.498212,675.996582
Jordan,JOR,2017,10.240374,798.4749756
Jordan,JOR,2018,10.00808,798.1064453
Jordan,JOR,2019,9.743924,797.4519653
Kazakhstan,KAZ,2010,12.945669,528.3303223
Kazakhstan,KAZ,2011,11.888359,542.9390259
Kazakhstan,KAZ,2012,10.930931,670.7948608
Kazakhstan,KAZ,2013,9.995333,652.8909912
Kazakhstan,KAZ,2014,9.223435,734.925354
Kazakhstan,KAZ,2015,8.610981,704.9580688
Kazakhstan,KAZ,2016,8.124212,813.4804688
Kazakhstan,KAZ,2017,7.8369775,757.1550903
Kazakhstan,KAZ,2018,7.664287,735.6010742
Kazakhstan,KAZ,2019,7.5618925,765.489624
Kenya,KEN,2010,25.767887,141.4163513
Kenya,KEN,2011,25.170387,141.682373
Kenya,KEN,2012,24.756859,142.0458984
Kenya,KEN,2013,24.24701,152.7443237
Kenya,KEN,2014,23.73992,164.9500122
Kenya,KEN,2015,23.300291,175.4747162
Kenya,KEN,2016,22.817791,186.8861237
Kenya,KEN,2017,22.423922,167.5538788
Kenya,KEN,2018,22.033707,185.4114227
Kenya,KEN,2019,21.703705,207.6184998
Kiribati,KIR,2010,27.400623,157.8133545
Kiribati,KIR,2011,27.093458,150.0161591
Kiribati,KIR,2012,26.759241,158.2645569
Kiribati,KIR,2013,26.382793,182.0312805
Kiribati,KIR,2014,25.975925,190.1423187
Kiribati,KIR,2015,25.53634,168.6104126
Kiribati,KIR,2016,25.046309,205.9059906
Kiribati,KIR,2017,24.568491,238.7490845
Kiribati,KIR,2018,24.098274,275.1204834
Kiribati,KIR,2019,23.552645,246.9905548
Kuwait,KWT,2010,6.587256,1981.387817
Kuwait,KWT,2011,6.3281813,1823.458862
Kuwait,KWT,2012,6.080308,1929.015869
Kuwait,KWT,2013,5.8572373,1942.008057
Kuwait,KWT,2014,5.686891,2043.607056
Kuwait,KWT,2015,5.607057,1990.744019
Kuwait,KWT,2016,5.523574,2114.06665
Kuwait,KWT,2017,5.5005207,2366.475098
Kuwait,KWT,2018,5.5285134,2636.886719
Kuwait,KWT,2019,5.5613446,2861.192871
Kyrgyzstan,KGZ,2010,16.457996,215.4737091
Kyrgyzstan,KGZ,2011,15.743701,234.2123108
Kyrgyzstan,KGZ,2012,15.118184,307.1046753
Kyrgyzstan,KGZ,2013,14.478795,330.334198
Kyrgyzstan,KGZ,2014,13.850595,314.5553894
Kyrgyzstan,KGZ,2015,13.259499,301.2186279
Kyrgyzstan,KGZ,2016,12.721142,300.434845
Kyrgyzstan,KGZ,2017,12.190418,312.6086426
Kyrgyzstan,KGZ,2018,11.714048,264.2364807
Kyrgyzstan,KGZ,2019,11.276361,260.3490295
Laos,LAO,2010,28.618528,117.2155304
Laos,LAO,2011,27.69084,82.67456818
Laos,LAO,2012,26.753424,100.5307007
Laos,LAO,2013,26.00253,126.9394913
Laos,LAO,2014,25.094072,135.005661
Laos,LAO,2015,24.375893,151.3532104
Laos,LAO,2016,23.639484,161.5680542
Laos,LAO,2017,22.99174,183.2704163
Laos,LAO,2018,22.519695,174.7125702
Laos,LAO,2019,21.805744,212.3702393
Latvia,LVA,2010,6.0205994,1068.799316
Latvia,LVA,2011,6.287226,1093.868286
Latvia,LVA,2012,6.1519957,1146.006104
Latvia,LVA,2013,5.2363496,1217.72644
Latvia,LVA,2014,4.9487605,1296.154663
Latvia,LVA,2015,4.960751,1405.399902
Latvia,LVA,2016,4.770064,1631.070313
Latvia,LVA,2017,4.719593,1703.59729
Latvia,LVA,2018,4.3064027,1899.698853
Latvia,LVA,2019,4.3482714,2098.445313
Lebanon,LBN,2010,7.174998,1112.947266
Lebanon,LBN,2011,6.9481263,1199.57959
Lebanon,LBN,2012,6.751335,1037.537964
Lebanon,LBN,2013,6.622544,1057.895386
Lebanon,LBN,2014,6.4499683,1129.731323
Lebanon,LBN,2015,6.251281,1117.189453
Lebanon,LBN,2016,6.0045156,1225.221313
Lebanon,LBN,2017,5.8898387,1245.015381
Lebanon,LBN,2018,5.7133574,1385.155884
Lebanon,LBN,2019,5.630833,1288.808228
Lesotho,LSO,2010,34.856792,186.725174
Lesotho,LSO,2011,34.499832,223.7033386
Lesotho,LSO,2012,34.295265,220.1828918
Lesotho,LSO,2013,34.35837,254.4711914
Lesotho,LSO,2014,34.789883,266.0483093
Lesotho,LSO,2015,34.884792,279.6827087
Lesotho,LSO,2016,34.237045,262.7892456
Lesotho,LSO,2017,34.2024,268.2939148
Lesotho,LSO,2018,34.142773,287.3141174
Lesotho,LSO,2019,34.250286,313.6058044
Liberia,LBR,2010,35.709415,90.2936554
Liberia,LBR,2011,35.07498,100.6472092
Liberia,LBR,2012,34.52676,101.1137543
Liberia,LBR,2013,34.065712,110.1361694
Liberia,LBR,2014,34.569435,125.0470657
Liberia,LBR,2015,34.29555,133.5974121
Liberia,LBR,2016,32.861473,135.0624542
Liberia,LBR,2017,32.369343,139.895401
Liberia,LBR,2018,31.937029,138.6076355
Liberia,LBR,2019,31.470604,126.0207825
Libya,LBY,2010,10.615325,988.7180176
Libya,LBY,2011,12.446467,640.5841064
Lithuania,LTU,2010,5.770693,1351.067627
Lithuania,LTU,2011,5.4817777,1472.822021
Lithuania,LTU,2012,5.202583,1542.196655
Lithuania,LTU,2013,4.870707,1629.116699
Lithuania,LTU,2014,4.9378495,1738.970825
Lithuania,LTU,2015,4.937591,1861.005249
Lithuania,LTU,2016,4.8899765,2038.202026
Lithuania,LTU,2017,4.1400876,2178.094971
Lithuania,LTU,2018,4.2924647,2443.351807
Lithuania,LTU,2019,4.220046,2796.82251
Luxembourg,LUX,2010,3.7477434,6083.713379
Luxembourg,LUX,2011,3.6998966,5694.883301
Luxembourg,LUX,2012,3.2693198,5175.365234
Luxembourg,LUX,2013,3.9989655,5346.196289
Luxembourg,LUX,2014,3.3580885,5573.944824
Luxembourg,LUX,2015,2.9719377,5545.197266
Luxembourg,LUX,2016,3.6154695,5806.304688
Luxembourg,LUX,2017,3.290865,5980.637695
Luxembourg,LUX,2018,3.7755866,6423.08252
Luxembourg,LUX,2019,3.9172366,6756.881348
Madagascar,MDG,2010,29.576267,71.38785553
Madagascar,MDG,2011,28.865566,68.72147369
Madagascar,MDG,2012,28.394594,58.51991272
Madagascar,MDG,2013,27.813227,57.41145706
Madagascar,MDG,2014,27.288496,68.89710999
Madagascar,MDG,2015,26.86453,76.91251373
Madagascar,MDG,2016,26.232931,84.4621048
Madagascar,MDG,2017,25.805368,76.7545166
Madagascar,MDG,2018,25.317202,69.98480225
Madagascar,MDG,2019,24.692324,65.2326355
Malawi,MWI,2010,32.485046,73.99703217
Malawi,MWI,2011,30.994423,79.65513611
Malawi,MWI,2012,29.306896,87.67420197
Malawi,MWI,2013,27.554527,128.3558197
Malawi,MWI,2014,25.820425,104.7910385
Malawi,MWI,2015,24.694508,95.53276062
Malawi,MWI,2016,23.512024,112.7266235
Malawi,MWI,2017,22.490467,111.6533356
Malawi,MWI,2018,21.674786,104.85289
Malawi,MWI,2019,20.993353,81.7000885
Malaysia,MYS,2010,6.158695,658.2702026
Malaysia,MYS,2011,6.095094,729.6278076
Malaysia,MYS,2012,6.035086,806.1083984
Malaysia,MYS,2013,6.0097313,836.4442139
Malaysia,MYS,2014,5.9891295,926.005249
Malaysia,MYS,2015,5.997984,946.9838257
Malaysia,MYS,2016,6.006832,941.5545654
Malaysia,MYS,2017,6.0392656,987.5791016
Malaysia,MYS,2018,6.079516,1058.132324
Malaysia,MYS,2019,6.109056,1132.993164
Maldives,MDV,2010,8.326295,1078.971069
Maldives,MDV,2011,7.8912473,1072.938354
Maldives,MDV,2012,7.4008117,1187.374512
Maldives,MDV,2013,6.981562,1202.027954
Maldives,MDV,2014,6.572388,1264.719971
Maldives,MDV,2015,6.173151,1457.258423
Maldives,MDV,2016,5.7874856,1790.039185
Maldives,MDV,2017,5.4178715,1668.806763
Maldives,MDV,2018,5.0624094,1473.383545
Maldives,MDV,2019,4.73425,1639.800171
Mali,MLI,2010,41.292934,83.61505127
Mali,MLI,2011,40.47914,73.33696747
Mali,MLI,2012,39.680653,66.18212891
Mali,MLI,2013,38.913685,71.9295578
Mali,MLI,2014,38.075985,85.83843231
Mali,MLI,2015,37.285564,83.57169342
Mali,MLI,2016,36.535107,82.60832977
Mali,MLI,2017,35.810013,82.55157471
Mali,MLI,2018,35.155857,87.31568146
Mali,MLI,2019,34.493187,94.55034637
Malta,MLT,2010,4.648426,2288.464844
Malta,MLT,2011,5.23582,2455.241211
Malta,MLT,2012,4.9330974,2548.926025
Malta,MLT,2013,5.1060724,2766.513184
Malta,MLT,2014,4.1121087,3157.483154
Malta,MLT,2015,4.6455655,3373.238525
Malta,MLT,2016,5.57334,3599.068359
Malta,MLT,2017,4.832221,3873.251465
Malta,MLT,2018,4.5733857,4121.230469
Malta,MLT,2019,4.8432126,4039.61499
Marshall Islands,MHL,2010,20.808374,439.8268127
Marshall Islands,MHL,2011,20.672358,419.7189026
Marshall Islands,MHL,2012,20.45576,414.1239014
Marshall Islands,MHL,2013,20.213799,445.431366
Marshall Islands,MHL,2014,19.913147,440.6275024
Marshall Islands,MHL,2015,19.597744,513.8618774
Marshall Islands,MHL,2016,19.259247,532.4375
Marshall Islands,MHL,2017,18.919024,517.2543335
Marshall Islands,MHL,2018,18.555454,574.3753662
Marshall Islands,MHL,2019,18.202435,592.6123657
Mauritania,MRT,2010,31.783787,111.1435852
Mauritania,MRT,2011,31.24954,109.2286835
Mauritania,MRT,2012,30.756813,117.3601151
Mauritania,MRT,2013,30.169073,135.5009766
Mauritania,MRT,2014,29.628206,148.9201202
Mauritania,MRT,2015,29.07259,154.2988129
Mauritania,MRT,2016,28.539364,145.5383301
Mauritania,MRT,2017,27.992403,169.4381104
Mauritania,MRT,2018,27.488514,184.8696442
Mauritania,MRT,2019,26.916834,187.0527039
Mauritius,MUS,2010,9.17082,720.3728638
Mauritius,MUS,2011,9.214718,718.1524658
Mauritius,MUS,2012,9.320232,726.8726196
Mauritius,MUS,2013,9.403105,838.8189697
Mauritius,MUS,2014,9.178088,1018.623779
Mauritius,MUS,2015,9.028262,1098.83313
Mauritius,MUS,2016,9.017824,1182.879639
Mauritius,MUS,2017,9.165212,1244.208984
Mauritius,MUS,2018,9.388029,1332.722534
Mauritius,MUS,2019,9.633392,1475.957275
Mexico,MEX,2010,12.166163,875.4848022
Mexico,MEX,2011,11.842181,911.7260132
Mexico,MEX,2012,11.512115,972.317749
Mexico,MEX,2013,11.190359,1009.29071
Mexico,MEX,2014,10.898428,1002.767578
Mexico,MEX,2015,10.648613,1047.353516
Mexico,MEX,2016,10.449321,1073.131836
Mexico,MEX,2017,10.269711,1076.305542
Mexico,MEX,2018,10.082014,1089.609497
Mexico,MEX,2019,9.859389,1110.944336
Micronesia (country),FSM,2010,17.168388,377.1134338
Micronesia (country),FSM,2011,16.928743,394.4699707
Micronesia (country),FSM,2012,16.648195,366.2070618
Micronesia (country),FSM,2013,16.341204,349.964386
Micronesia (country),FSM,2014,16.047447,331.733429
Micronesia (country),FSM,2015,15.963764,366.9767456
Micronesia (country),FSM,2016,15.407066,390.3274841
Micronesia (country),FSM,2017,15.100486,375.8710327
Micronesia (country),FSM,2018,14.793901,365.4328613
Micronesia (country),FSM,2019,14.520693,364.2090149
Moldova,MDA,2010,10.690363,520.3093872
Moldova,MDA,2011,10.506904,505.1582642
Moldova,MDA,2012,10.333284,540.6068115
Moldova,MDA,2013,10.169017,584.4937134
Moldova,MDA,2014,10.021148,611.9385986
Moldova,MDA,2015,9.845884,631.4604492
Moldova,MDA,2016,9.676455,630.5825806
Moldova,MDA,2017,9.529242,809.838623
Moldova,MDA,2018,9.406877,827.6102295
Moldova,MDA,2019,9.224322,860.1947021
Monaco,MCO,2010,4.473115,3103.267822
Monaco,MCO,2011,4.061587,3144.208984
Monaco,MCO,2012,4.47254,3244.952881
Monaco,MCO,2013,4.3121758,3543.207764
Monaco,MCO,2014,4.2820272,3684.357666
Monaco,MCO,2015,4.12704,3729.564209
Monaco,MCO,2016,3.9456277,3102.066406
Monaco,MCO,2017,3.9808278,3057.188477
Monaco,MCO,2018,3.6717353,2982.878662
Monaco,MCO,2019,3.6487572,3079.914551
Mongolia,MNG,2010,15.187947,283.5092773
Mongolia,MNG,2011,14.283045,319.625946
Mongolia,MNG,2012,13.522197,394.2644958
Mongolia,MNG,2013,12.888558,428.9743347
Mongolia,MNG,2014,12.345216,461.7747498
Mongolia,MNG,2015,11.854185,456.3478394
Mongolia,MNG,2016,11.386362,475.2066345
Mongolia,MNG,2017,10.943427,453.0431824
Mongolia,MNG,2018,10.497184,470.4649048
Mongolia,MNG,2019,10.134637,484.3867798
Montenegro,MNE,2011,4.594517,1143.51123
Montenegro,MNE,2012,4.4733777,1140.132568
Montenegro,MNE,2013,4.5333967,1249.206055
Montenegro,MNE,2014,4.4351115,1220.366699
Montenegro,MNE,2015,3.4714093,1462.446899
Montenegro,MNE,2016,3.9271934,1558.644043
Montenegro,MNE,2017,3.163734,1563.096313
Montenegro,MNE,2018,2.9595103,1838.007446
Montenegro,MNE,2019,3.1689794,1983.612915
Morocco,MAR,2010,16.591818,376.835144
Morocco,MAR,2011,15.901679,390.5415649
Morocco,MAR,2012,15.271641,391.0974731
Morocco,MAR,2013,14.594767,399.2336731
Morocco,MAR,2014,13.970092,354.1233215
Morocco,MAR,2015,13.399187,361.250824
Morocco,MAR,2016,12.885769,378.4275818
Morocco,MAR,2017,12.411364,388.7090149
Morocco,MAR,2018,12.005205,413.1712341
Morocco,MAR,2019,11.656558,424.5029602
Mozambique,MOZ,2010,36.76588,52.15592194
Mozambique,MOZ,2011,35.88591,51.18514633
Mozambique,MOZ,2012,35.02375,54.32769012
Mozambique,MOZ,2013,34.18919,66.46139526
Mozambique,MOZ,2014,33.35145,72.12837219
Mozambique,MOZ,2015,32.34246,86.72978973
Mozambique,MOZ,2016,31.477299,97.80836487
Mozambique,MOZ,2017,30.883753,99.6011734
Mozambique,MOZ,2018,30.282167,106.9059525
Mozambique,MOZ,2019,29.651163,104.8199539
Myanmar,MMR,2010,27.746689,59.1861763
Myanmar,MMR,2011,26.980871,61.89316177
Myanmar,MMR,2012,26.303963,86.49180603
Myanmar,MMR,2013,25.523285,122.4284973
Myanmar,MMR,2014,24.906702,176.1763763
Myanmar,MMR,2015,24.291964,224.888504
Myanmar,MMR,2016,23.74914,206.1343536
Myanmar,MMR,2017,23.236513,214.6346283
Myanmar,MMR,2018,22.565796,222.5249481
Myanmar,MMR,2019,22.100677,226.8307343
Namibia,NAM,2010,23.74366,814.9393311
Namibia,NAM,2011,23.874218,868.1870728
Namibia,NAM,2012,23.916386,865.6032715
Namibia,NAM,2013,23.46552,882.4741821
Namibia,NAM,2014,23.047575,880.1810913
Namibia,NAM,2015,22.905752,1061.320557
Namibia,NAM,2016,22.415068,972.052002
Namibia,NAM,2017,21.93691,887.5280151
Namibia,NAM,2018,21.703194,859.9213257
Namibia,NAM,2019,21.201105,867.3483276
Nauru,NRU,2010,19.737703,758.0689697
Nauru,NRU,2011,19.089828,653.6338501
Nauru,NRU,2012,18.517248,692.1428223
Nauru,NRU,2013,17.757456,935.6714478
Nauru,NRU,2014,16.87025,1007.289917
Nauru,NRU,2015,16.191292,1803.034302
Nauru,NRU,2016,15.5739765,1462.483521
Nauru,NRU,2017,14.998821,1498.891968
Nauru,NRU,2018,14.536911,1207.639893
Nauru,NRU,2019,14.119155,1389.732544
Nepal,NPL,2010,22.229332,94.40988922
Nepal,NPL,2011,21.451622,101.6519775
Nepal,NPL,2012,20.80341,112.511795
Nepal,NPL,2013,20.052105,125.1165466
Nepal,NPL,2014,19.446388,149.5908661
Nepal,NPL,2015,19.57919,163.7780304
Nepal,NPL,2016,18.031254,162.153656
Nepal,NPL,2017,17.48382,168.3394012
Nepal,NPL,2018,16.977846,171.2070007
Nepal,NPL,2019,16.40391,176.9550476
Netherlands,NLD,2010,3.7015176,4588.932617
Netherlands,NLD,2011,3.5652475,4779.398438
Netherlands,NLD,2012,3.6300292,4989.364746
Netherlands,NLD,2013,3.583212,5219.226563
Netherlands,NLD,2014,3.5611224,5213.549805
Netherlands,NLD,2015,3.300259,5203.804199
Netherlands,NLD,2016,3.4296715,5398.930664
Netherlands,NLD,2017,3.463944,5602.590332
Netherlands,NLD,2018,3.3735607,6009.465332
Netherlands,NLD,2019,3.4876232,6248.151855
New Zealand,NZL,2010,4.7877564,2983.427979
New Zealand,NZL,2011,4.531864,3088.697998
New Zealand,NZL,2012,4.318347,3140.933838
New Zealand,NZL,2013,4.26393,3335.008789
New Zealand,NZL,2014,4.5568976,3467.033447
New Zealand,NZL,2015,4.3871593,3475.5354
New Zealand,NZL,2016,4.1020474,3734.821533
New Zealand,NZL,2017,4.0095277,3875.538574
New Zealand,NZL,2018,4.08388,4095.713623
New Zealand,NZL,2019,4.010541,4439.349609
Nicaragua,NIC,2010,14.369593,306.9485779
Nicaragua,NIC,2011,13.767611,317.5988159
Nicaragua,NIC,2012,13.270476,331.5812683
Nicaragua,NIC,2013,12.83867,352.1668396
Nicaragua,NIC,2014,12.369951,394.20755
Nicaragua,NIC,2015,11.973227,421.5522156
Nicaragua,NIC,2016,11.595957,458.3013611
Nicaragua,NIC,2017,11.268598,500.5392456
Nicaragua,NIC,2018,10.914561,500.9043579
Nicaragua,NIC,2019,10.597551,474.5191956
Niger,NER,2010,38.795612,53.23049545
Niger,NER,2011,37.426838,51.95501709
Niger,NER,2012,36.227734,49.79851913
Niger,NER,2013,35.110863,50.25850677
Niger,NER,2014,34.13856,50.71801758
Niger,NER,2015,33.282955,61.24128342
Niger,NER,2016,32.425102,52.04468918
Niger,NER,2017,31.628418,64.8625946
Niger,NER,2018,30.926905,65.04594421
Niger,NER,2019,30.176521,72.48323059
Nigeria,NGA,2010,44.023384,157.4759521
Nigeria,NGA,2011,43.622593,164.9702911
Nigeria,NGA,2012,43.311615,167.9934082
Nigeria,NGA,2013,43.041645,178.7371521
Nigeria,NGA,2014,42.822723,184.4022827
Nigeria,NGA,2015,42.594013,194.3685455
Nigeria,NGA,2016,42.285656,190.9473114
Nigeria,NGA,2017,41.924824,194.8130188
Nigeria,NGA,2018,41.480267,163.208847
Nigeria,NGA,2019,40.945133,162.3124695
North Macedonia,MKD,2010,5.926739,757.5290527
North Macedonia,MKD,2011,5.7239037,756.9215088
North Macedonia,MKD,2012,6.468443,783.1592407
North Macedonia,MKD,2013,6.496429,850.2279053
North Macedonia,MKD,2014,6.369182,840.852356
North Macedonia,MKD,2015,5.691446,876.9759521
North Macedonia,MKD,2016,6.9743147,961.8847046
North Macedonia,MKD,2017,5.9576545,1035.248291
North Macedonia,MKD,2018,4.5945363,1127.276001
North Macedonia,MKD,2019,4.4057083,1313.557129
Norway,NOR,2010,3.3145192,5194.986328
Norway,NOR,2011,3.1184828,5492.077148
Norway,NOR,2012,3.051476,5774.39209
Norway,NOR,2013,3.0070453,6012.884277
Norway,NOR,2014,2.93948,6192.903809
Norway,NOR,2015,2.842695,6142.4375
Norway,NOR,2016,2.756862,6271.010742
Norway,NOR,2017,2.7872126,6630.842285
Norway,NOR,2018,2.7499604,7009.245605
Norway,NOR,2019,2.7205198,7217.386719
Oman,OMN,2010,7.574534,1252.311157
Oman,OMN,2011,7.4428487,1108.754395
Oman,OMN,2012,7.260659,1137.555054
Oman,OMN,2013,7.1706076,1178.001099
Oman,OMN,2014,7.09216,1368.846191
Oman,OMN,2015,7.0223303,1349.443481
Oman,OMN,2016,6.969415,1260.204468
Oman,OMN,2017,6.966084,1154.782593
Oman,OMN,2018,6.954676,1201.930054
Oman,OMN,2019,6.935633,1160.777832
Pakistan,PAK,2010,33.227146,101.0214539
Pakistan,PAK,2011,32.685448,93.62604523
Pakistan,PAK,2012,32.171333,94.81795502
Pakistan,PAK,2013,31.622793,106.8093567
Pakistan,PAK,2014,31.080967,115.3759766
Pakistan,PAK,2015,30.486975,117.5080948
Pakistan,PAK,2016,29.925085,127.5757141
Pakistan,PAK,2017,29.322138,132.6697998
Pakistan,PAK,2018,28.761505,155.4617615
Pakistan,PAK,2019,28.1768,165.5505524
Palau,PLW,2010,15.651441,1535.466309
Palau,PLW,2011,15.4972925,1570.36438
Palau,PLW,2012,15.334358,1784.880981
Palau,PLW,2013,15.178376,1859.121948
Palau,PLW,2014,14.994809,2012.498413
Palau,PLW,2015,14.737509,2028.036499
Palau,PLW,2016,14.413215,2188.932129
Palau,PLW,2017,14.071378,2163.061279
Palau,PLW,2018,13.715713,2085.193848
Palau,PLW,2019,13.345632,2901.925293
Panama,PAN,2010,13.070017,1073.631226
Panama,PAN,2011,12.828291,1115.81189
Panama,PAN,2012,12.617634,1226.156738
Panama,PAN,2013,12.36962,1384.121094
Panama,PAN,2014,12.150059,1584.815063
Panama,PAN,2015,11.896417,1724.003296
Panama,PAN,2016,11.691461,2037.562988
Panama,PAN,2017,11.525387,2103.314453
Panama,PAN,2018,11.430464,2308.346191
Panama,PAN,2019,11.4691105,2490.947754
Papua New Guinea,PNG,2010,25.77737,61.44652939
Papua New Guinea,PNG,2011,25.288078,70.41921997
Papua New Guinea,PNG,2012,24.919142,85.50789642
Papua New Guinea,PNG,2013,24.497904,99.47323608
Papua New Guinea,PNG,2014,24.084736,123.047142
Papua New Guinea,PNG,2015,23.6194,72.2113266
Papua New Guinea,PNG,2016,23.209192,96.66692352
Papua New Guinea,PNG,2017,22.78923,95.63191986
Papua New Guinea,PNG,2018,22.415215,97.34959412
Papua New Guinea,PNG,2019,21.911757,104.6108856
Paraguay,PRY,2010,15.284984,546.6509399
Paraguay,PRY,2011,14.899025,611.546936
Paraguay,PRY,2012,14.493813,654.3671875
Paraguay,PRY,2013,14.10414,670.8648071
Paraguay,PRY,2014,13.73339,759.1065674
Paraguay,PRY,2015,13.365907,768.638916
Paraguay,PRY,2016,13.016986,803.8538208
Paraguay,PRY,2017,12.670083,832.1121826
Paraguay,PRY,2018,12.295043,884.3747559
Paraguay,PRY,2019,12.008074,950.1434937
Peru,PER,2010,12.031512,463.1887512
Peru,PER,2011,11.504872,472.8221741
Peru,PER,2012,11.082707,511.0022888
Peru,PER,2013,10.677719,540.269043
Peru,PER,2014,10.3050995,577.3228149
Peru,PER,2015,9.982816,580.9763794
Peru,PER,2016,9.705058,606.987854
Peru,PER,2017,9.500277,624.0158691
Peru,PER,2018,9.18732,690.1559448
Peru,PER,2019,8.929735,711.6253662
Philippines,PHL,2010,16.81089,232.4261322
Philippines,PHL,2011,16.75029,236.0909729
Philippines,PHL,2012,16.603941,263.024292
Philippines,PHL,2013,16.689373,282.7173462
Philippines,PHL,2014,16.188389,257.7716675
Philippines,PHL,2015,16.016584,280.1600037
Philippines,PHL,2016,15.815485,304.6717224
Philippines,PHL,2017,15.601602,321.6211243
Philippines,PHL,2018,15.345269,344.9149475
Philippines,PHL,2019,15.0814705,379.2366028
Poland,POL,2010,5.027556,1352.959717
Poland,POL,2011,4.908439,1424.487915
Poland,POL,2012,4.8766603,1477.892822
Poland,POL,2013,4.79058,1575.045532
Poland,POL,2014,4.641956,1626.766968
Poland,POL,2015,4.4590163,1716.899048
Poland,POL,2016,4.4875035,1850.915894
Poland,POL,2017,4.453943,1972.36792
Poland,POL,2018,4.348324,2023.383789
Poland,POL,2019,4.306703,2206.535645
Portugal,PRT,2010,3.4714758,2737.04541
Portugal,PRT,2011,3.6506858,2601.130127
Portugal,PRT,2012,3.6877105,2545.637207
Portugal,PRT,2013,3.430549,2619.833008
Portugal,PRT,2014,3.4015255,2678.614502
Portugal,PRT,2015,3.4113443,2758.884521
Portugal,PRT,2016,3.5010345,2964.79834
Portugal,PRT,2017,3.2145524,3072.321777
Portugal,PRT,2018,3.5863476,3285.704102
Portugal,PRT,2019,3.313994,3517.723389
Qatar,QAT,2010,5.9816065,2362.655518
Qatar,QAT,2011,5.800187,2229.680664
Qatar,QAT,2012,5.6360316,2476.094238
Qatar,QAT,2013,5.46096,2869.936523
Qatar,QAT,2014,5.2878575,3127.255615
Qatar,QAT,2015,5.077057,2789.947754
Qatar,QAT,2016,4.8432493,2698.731934
Qatar,QAT,2017,4.620758,2731.577148
Qatar,QAT,2018,4.4152975,2446.273926
Qatar,QAT,2019,4.2252913,2736.824951
Romania,ROU,2010,8.072557,977.3198242
Romania,ROU,2011,7.5095563,839.3359985
Romania,ROU,2012,7.592873,891.512207
Romania,ROU,2013,7.1654897,1026.130493
Romania,ROU,2014,6.9179997,1035.371338
Romania,ROU,2015,6.5360026,1065.927246
Romania,ROU,2016,6.0648284,1210.826294
Romania,ROU,2017,6.2178187,1398.552979
Romania,ROU,2018,5.61092,1672.600952
Romania,ROU,2019,5.1962814,1906.58606
Russia,RUS,2010,7.9865327,1086.583496
Russia,RUS,2011,7.5963926,1087.531616
Russia,RUS,2012,7.839556,1193.110718
Russia,RUS,2013,7.475027,1317.313232
Russia,RUS,2014,7.041925,1348.150757
Russia,RUS,2015,6.517631,1288.070679
Russia,RUS,2016,6.09421,1288.596191
Russia,RUS,2017,5.553979,1406.20105
Russia,RUS,2018,5.227173,1570.778931
Russia,RUS,2019,5.076627,1704.039673
Rwanda,RWA,2010,27.22051,109.1552582
Rwanda,RWA,2011,25.68079,115.166069
Rwanda,RWA,2012,24.518589,120.6933594
Rwanda,RWA,2013,23.564905,104.5829391
Rwanda,RWA,2014,22.872211,119.2815323
Rwanda,RWA,2015,22.259974,120.0847168
Rwanda,RWA,2016,21.790598,131.0323486
Rwanda,RWA,2017,21.40141,126.2143555
Rwanda,RWA,2018,21.07902,142.835556
Rwanda,RWA,2019,20.626633,145.7389221
Saint Kitts and Nevis,KNA,2010,10.15889,1180.302612
Saint Kitts and Nevis,KNA,2011,8.962422,1201.610474
Saint Kitts and Nevis,KNA,2012,8.457559,1111.286865
Saint Kitts and Nevis,KNA,2013,9.087022,1165.029175
Saint Kitts and Nevis,KNA,2014,10.357915,1183.406128
Saint Kitts and Nevis,KNA,2015,11.156797,1271.223267
Saint Kitts and Nevis,KNA,2016,7.617223,1403.863403
Saint Kitts and Nevis,KNA,2017,7.4718304,1419.115112
Saint Kitts and Nevis,KNA,2018,8.310339,1382.914307
Saint Kitts and Nevis,KNA,2019,8.151935,1506.505737
Saint Lucia,LCA,2010,11.878062,625.3447876
Saint Lucia,LCA,2011,11.422633,681.4412842
Saint Lucia,LCA,2012,11.412184,654.3562012
Saint Lucia,LCA,2013,11.685829,693.8806763
Saint Lucia,LCA,2014,11.03525,654.4053955
Saint Lucia,LCA,2015,10.621892,620.8039551
Saint Lucia,LCA,2016,10.278329,702.050354
Saint Lucia,LCA,2017,9.927751,696.1292114
Saint Lucia,LCA,2018,9.528128,690.3121338
Saint Lucia,LCA,2019,9.160538,697.7102661
Saint Vincent and the Grenadines,VCT,2010,11.963058,461.4150085
Saint Vincent and the Grenadines,VCT,2011,11.661366,460.1278687
Saint Vincent and the Grenadines,VCT,2012,11.367708,490.2824707
Saint Vincent and the Grenadines,VCT,2013,11.954018,498.4484253
Saint Vincent and the Grenadines,VCT,2014,10.736462,492.4569397
Saint Vincent and the Grenadines,VCT,2015,10.432471,475.561676
Saint Vincent and the Grenadines,VCT,2016,10.189189,518.7780762
Saint Vincent and the Grenadines,VCT,2017,9.856873,529.5540771
Saint Vincent and the Grenadines,VCT,2018,9.585349,576.0780029
Saint Vincent and the Grenadines,VCT,2019,9.362134,620.2985229
Samoa,WSM,2010,11.72448,283.7015076
Samoa,WSM,2011,11.67974,307.5640259
Samoa,WSM,2012,11.921605,278.3787231
Samoa,WSM,2013,11.517425,355.0258789
Samoa,WSM,2014,11.419198,367.9239502
Samoa,WSM,2015,11.326413,337.2814331
Samoa,WSM,2016,11.231921,343.274231
Samoa,WSM,2017,11.122317,361.2203064
Samoa,WSM,2018,10.98129,354.6524658
Samoa,WSM,2019,11.5536585,433.1924744
San Marino,SMR,2010,2.9429743,3756.224121
San Marino,SMR,2011,2.8880603,3853.554688
San Marino,SMR,2012,3.1193678,3916.244873
San Marino,SMR,2013,2.8762887,3840.255127
San Marino,SMR,2014,2.8210588,3744.274658
San Marino,SMR,2015,2.8016171,3467.577881
San Marino,SMR,2016,2.7811484,3867.325684
San Marino,SMR,2017,2.7721996,4251.636719
San Marino,SMR,2018,2.7448819,4221.505859
San Marino,SMR,2019,2.712544,4057.161865
Sao Tome and Principe,STP,2010,18.610764,196.9351196
Sao Tome and Principe,STP,2011,17.854189,202.49617
Sao Tome and Principe,STP,2012,16.78631,191.3403015
Sao Tome and Principe,STP,2013,15.737507,263.4301453
Sao Tome and Principe,STP,2014,14.723394,256.9666748
Sao Tome and Principe,STP,2015,13.812967,204.9485626
Sao Tome and Principe,STP,2016,13.029012,250.1227112
Sao Tome and Principe,STP,2017,12.192505,253.0030365
Sao Tome and Principe,STP,2018,11.664306,236.8969879
Sao Tome and Principe,STP,2019,11.201304,226.8082581
Saudi Arabia,SAU,2010,7.8533096,1879.736816
Saudi Arabia,SAU,2011,7.4445696,2083.541016
Saudi Arabia,SAU,2012,7.113473,2305.86084
Saudi Arabia,SAU,2013,6.826323,2496.687988
Saudi Arabia,SAU,2014,6.5434337,2913.332031
Saudi Arabia,SAU,2015,6.3082867,2915.861816
Saudi Arabia,SAU,2016,6.0709586,2654.304688
Saudi Arabia,SAU,2017,5.87581,2962.584229
Saudi Arabia,SAU,2018,5.749412,2802.497803
Saudi Arabia,SAU,2019,5.5807204,2789.559814
Senegal,SEN,2010,26.857962,106.5195694
Senegal,SEN,2011,25.837336,112.497963
Senegal,SEN,2012,24.982487,116.8876953
Senegal,SEN,2013,24.018097,120.2757568
Senegal,SEN,2014,23.134869,124.4391251
Senegal,SEN,2015,22.255777,130.2213745
Senegal,SEN,2016,21.338572,131.0589752
Senegal,SEN,2017,20.582676,128.0625763
Senegal,SEN,2018,19.870356,143.1728668
Senegal,SEN,2019,19.207647,144.8039703
Serbia,SRB,2010,5.446484,1217.719727
Serbia,SRB,2011,5.245772,1249.850464
Serbia,SRB,2012,5.161996,1296.619629
Serbia,SRB,2013,5.102881,1359.007324
Serbia,SRB,2014,4.9067936,1352.356323
Serbia,SRB,2015,4.5112944,1312.154907
Serbia,SRB,2016,4.5412445,1337.995239
Serbia,SRB,2017,4.364899,1366.073975
Serbia,SRB,2018,4.271779,1556.734009
Serbia,SRB,2019,4.247848,1686.069336
Seychelles,SYC,2010,9.146141,920.9301147
Seychelles,SYC,2011,9.151664,956.9790039
Seychelles,SYC,2012,9.189458,1178.777222
Seychelles,SYC,2013,9.235716,971.4758301
Seychelles,SYC,2014,9.289467,1097.777222
Seychelles,SYC,2015,9.344342,1086.450806
Seychelles,SYC,2016,9.335978,1316.42981
Seychelles,SYC,2017,9.268683,1332.221191
Seychelles,SYC,2018,9.156648,1470.185547
Seychelles,SYC,2019,9.007209,1468.720825
Sierra Leone,SLE,2010,46.783936,124.1075745
Sierra Leone,SLE,2011,45.52681,159.7974548
Sierra Leone,SLE,2012,44.333187,148.8459473
Sierra Leone,SLE,2013,43.07197,202.0364838
Sierra Leone,SLE,2014,42.45617,352.6580811
Sierra Leone,SLE,2015,41.280872,326.4543762
Sierra Leone,SLE,2016,39.779003,277.3504944
Sierra Leone,SLE,2017,38.99046,153.566864
Sierra Leone,SLE,2018,37.72502,141.2438202
Sierra Leone,SLE,2019,36.87432,156.9983368
Singapore,SGP,2010,2.7822526,2385.83252
Singapore,SGP,2011,2.7502384,2489.595703
Singapore,SGP,2012,2.7125828,2701.980957
Singapore,SGP,2013,2.6761255,3028.52124
Singapore,SGP,2014,2.655534,3235.425537
Singapore,SGP,2015,2.6367564,3598.990723
Singapore,SGP,2016,2.6093338,3894.942871
Singapore,SGP,2017,2.5622513,4091.44043
Singapore,SGP,2018,2.4938369,4035.607178
Singapore,SGP,2019,2.4042509,4102.273438
Slovakia,SVK,2010,5.325893,1949.348389
Slovakia,SVK,2011,4.9894996,1918.635986
Slovakia,SVK,2012,5.264392,2035.447876
Slovakia,SVK,2013,5.099336,2101.071777
Slovakia,SVK,2014,5.2535477,1999.391724
Slovakia,SVK,2015,5.0352683,2033.224609
Slovakia,SVK,2016,5.0084977,2110.635254
Slovakia,SVK,2017,4.5666885,2038.161621
Slovakia,SVK,2018,4.836366,2113.844971
Slovakia,SVK,2019,4.9065824,2267.088623
Slovenia,SVN,2010,3.1024415,2387.07373
Slovenia,SVN,2011,3.2517326,2472.896729
Slovenia,SVN,2012,2.658337,2533.1604
Slovenia,SVN,2013,3.0523474,2621.224121
Slovenia,SVN,2014,2.5813766,2625.701904
Slovenia,SVN,2015,2.487548,2688.69751
Slovenia,SVN,2016,2.611468,2873.208008
Slovenia,SVN,2017,2.5317457,2998.323486
Slovenia,SVN,2018,2.371275,3334.94458
Slovenia,SVN,2019,2.528791,3629.014404
Solomon Islands,SLB,2010,15.577661,182.648819
Solomon Islands,SLB,2011,15.240401,139.8182373
Solomon Islands,SLB,2012,14.919125,117.4533234
Solomon Islands,SLB,2013,14.718024,117.333992
Solomon Islands,SLB,2014,14.837543,124.4499512
Solomon Islands,SLB,2015,14.044297,113.6016235
Solomon Islands,SLB,2016,13.664477,115.0860519
Solomon Islands,SLB,2017,13.367217,112.6613235
Solomon Islands,SLB,2018,13.0582285,109.1702271
Solomon Islands,SLB,2019,12.742557,131.0926514
South Africa,ZAF,2010,25.219313,1015.787109
South Africa,ZAF,2011,21.839802,1064.046997
South Africa,ZAF,2012,21.706764,1057.823608
South Africa,ZAF,2013,21.80406,1102.601196
South Africa,ZAF,2014,21.411823,1070.671143
South Africa,ZAF,2015,20.546572,1103.373413
South Africa,ZAF,2016,19.655218,1110.758423
South Africa,ZAF,2017,18.429068,1107.890991
South Africa,ZAF,2018,19.02176,1145.869263
South Africa,ZAF,2019,19.358057,1187.329468
South Korea,KOR,2010,3.615666,1878.976563
South Korea,KOR,2011,3.5056741,1961.464111
South Korea,KOR,2012,3.3952527,2063.654053
South Korea,KOR,2013,3.2884884,2143.083252
South Korea,KOR,2014,3.1960125,2293.312988
South Korea,KOR,2015,3.1090105,2531.058105
South Korea,KOR,2016,3.0201778,2748.954102
South Korea,KOR,2017,2.9373393,2925.947266
South Korea,KOR,2018,2.868052,3232.415039
South Korea,KOR,2019,2.78626,3521.326172
South Sudan,SSD,2017,37.265022,84.44358063
South Sudan,SSD,2018,37.06579,64.22488403
South Sudan,SSD,2019,37.12003,62.99204636
Spain,ESP,2010,3.4294958,2896.830322
Spain,ESP,2011,3.3572116,2926.573242
Spain,ESP,2012,3.2528272,2901.807129
Spain,ESP,2013,3.0392783,2934.126221
Spain,ESP,2014,3.1221774,3045.224854
Spain,ESP,2015,2.9669838,3184.994873
Spain,ESP,2016,2.9908085,3341.165527
Spain,ESP,2017,2.9861176,3556.866699
Spain,ESP,2018,2.9617448,3787.698975
Spain,ESP,2019,2.938657,3983.930908
Sri Lanka,LKA,2010,8.0654125,316.909729
Sri Lanka,LKA,2011,7.846018,334.8117981
Sri Lanka,LKA,2012,7.4918222,349.2728577
Sri Lanka,LKA,2013,7.197204,413.7387695
Sri Lanka,LKA,2014,6.8846264,405.7710571
Sri Lanka,LKA,2015,6.526551,450.9096375
Sri Lanka,LKA,2016,6.3158703,476.460144
Sri Lanka,LKA,2017,6.190798,459.2473755
Sri Lanka,LKA,2018,5.809336,523.520874
Sri Lanka,LKA,2019,5.6596313,569.572998
Sudan,SDN,2010,30.870121,207.4153137
Sudan,SDN,2011,30.382402,291.9105225
Sudan,SDN,2012,29.837685,223.51651
Sudan,SDN,2013,29.488234,274.0539246
Sudan,SDN,2014,28.899199,255.9524841
Sudan,SDN,2015,28.341825,322.5486145
Sudan,SDN,2016,27.885859,305.3948059
Sudan,SDN,2017,27.24562,278.6898193
Sudan,SDN,2018,26.71831,202.4125977
Sudan,SDN,2019,26.257994,204.5353241
Suriname,SUR,2010,14.317369,681.5423584
Suriname,SUR,2011,14.021627,683.4293213
Suriname,SUR,2012,13.731506,724.1534424
Suriname,SUR,2013,13.454476,807.9309082
Suriname,SUR,2014,13.179596,835.6639404
Suriname,SUR,2015,12.862873,999.5739746
Suriname,SUR,2016,12.552631,902.659668
Suriname,SUR,2017,12.244239,973.2234497
Suriname,SUR,2018,11.942571,1345.686279
Suriname,SUR,2019,11.669944,1680.192017
Sweden,SWE,2010,3.0477705,3529.652344
Sweden,SWE,2011,2.7926815,4663.241211
Sweden,SWE,2012,3.0183582,4896.023438
Sweden,SWE,2013,3.0560474,5073.837891
Sweden,SWE,2014,2.8123052,5193.200195
Sweden,SWE,2015,2.954761,5333.402344
Sweden,SWE,2016,2.9383104,5512.933105
Sweden,SWE,2017,2.858345,5655.699707
Sweden,SWE,2018,2.7285092,6077.043457
Sweden,SWE,2019,2.6709251,6222.65918
Switzerland,CHE,2010,3.6834195,5485.379395
Switzerland,CHE,2011,3.6916106,5841.042969
Switzerland,CHE,2012,3.5838706,6175.033691
Switzerland,CHE,2013,3.667062,6550.800781
Switzerland,CHE,2014,3.6552284,6846.429199
Switzerland,CHE,2015,3.678839,7306.933105
Switzerland,CHE,2016,3.3428283,7738.628418
Switzerland,CHE,2017,3.410003,7989.641602
Switzerland,CHE,2018,3.328621,8447.555664
Switzerland,CHE,2019,3.2149117,8532.496094
Syria,SYR,2010,11.519289,166.7385101
Syria,SYR,2011,12.160266,182.9956818
Syria,SYR,2012,19.461826,159.5784302
Tajikistan,TJK,2010,20.845337,133.5350647
Tajikistan,TJK,2011,20.333357,146.2823792
Tajikistan,TJK,2012,19.883684,164.5128784
Tajikistan,TJK,2013,19.545479,199.1354675
Tajikistan,TJK,2014,19.205782,223.157074
Tajikistan,TJK,2015,18.852575,206.6156616
Tajikistan,TJK,2016,18.483059,216.9043732
Tajikistan,TJK,2017,18.081392,222.9546814
Tajikistan,TJK,2018,17.69193,239.8816223
Tajikistan,TJK,2019,17.303288,250.7688904
Tanzania,TZA,2010,29.466722,105.4225159
Tanzania,TZA,2011,28.555311,108.4986572
Tanzania,TZA,2012,27.728487,102.2885666
Tanzania,TZA,2013,26.916466,99.01965332
Tanzania,TZA,2014,26.067198,87.45562744
Tanzania,TZA,2015,25.482971,83.21102142
Tanzania,TZA,2016,24.789026,95.39699554
Tanzania,TZA,2017,24.157276,100.2054443
Tanzania,TZA,2018,23.47463,105.1129456
Tanzania,TZA,2019,22.970615,99.34874725
Thailand,THA,2010,10.063388,447.3363037
Thailand,THA,2011,9.795067,482.3970947
Thailand,THA,2012,9.383508,523.8955688
Thailand,THA,2013,9.078384,532.0473633
Thailand,THA,2014,8.762126,570.3652344
Thailand,THA,2015,8.470014,580.3470459
Thailand,THA,2016,8.201973,623.7877808
Thailand,THA,2017,7.93988,669.5811768
Thailand,THA,2018,7.6708865,707.5925903
Thailand,THA,2019,7.4170313,731.3095703
Togo,TGO,2010,34.45805,68.77303314
Togo,TGO,2011,33.775803,74.35187531
Togo,TGO,2012,33.22363,79.59476471
Togo,TGO,2013,32.53803,85.06061554
Togo,TGO,2014,31.98533,90.96583557
Togo,TGO,2015,31.328943,93.44444275
Togo,TGO,2016,30.7969,104.5985107
Togo,TGO,2017,30.128428,130.6733856
Togo,TGO,2018,29.598703,128.4139099
Togo,TGO,2019,28.910376,125.5587082
Tonga,TON,2010,9.728572,229.8162384
Tonga,TON,2011,9.62995,202.0386505
Tonga,TON,2012,9.544566,262.2418518
Tonga,TON,2013,9.469,228.0780487
Tonga,TON,2014,9.454077,298.4631348
Tonga,TON,2015,9.352479,270.6481628
Tonga,TON,2016,9.28988,312.8781128
Tonga,TON,2017,9.217888,330.0420227
Tonga,TON,2018,9.125449,332.1500244
Tonga,TON,2019,9.007026,332.0520325
Trinidad and Tobago,TTO,2010,13.794823,1576.477783
Trinidad and Tobago,TTO,2011,13.462534,1478.964233
Trinidad and Tobago,TTO,2012,13.098348,1466.241333
Trinidad and Tobago,TTO,2013,12.829833,1511.953857
Trinidad and Tobago,TTO,2014,12.492076,1544.847778
Trinidad and Tobago,TTO,2015,12.205649,1665.380737
Trinidad and Tobago,TTO,2016,11.955063,1803.138062
Trinidad and Tobago,TTO,2017,11.675774,1842.556641
Trinidad and Tobago,TTO,2018,11.828942,1796.029663
Trinidad and Tobago,TTO,2019,11.445857,1834.961426
Tunisia,TUN,2010,11.094219,597.5487671
Tunisia,TUN,2011,10.971641,647.5686035
Tunisia,TUN,2012,10.760304,674.982666
Tunisia,TUN,2013,10.643158,701.5493774
Tunisia,TUN,2014,10.554991,711.109375
Tunisia,TUN,2015,10.495144,675.9750366
Tunisia,TUN,2016,10.425526,684.7488403
Tunisia,TUN,2017,10.389265,723.1174927
Tunisia,TUN,2018,10.360345,759.0407715
Tunisia,TUN,2019,10.266824,789.0545654
Turkey,TUR,2010,10.496003,881.3845215
Turkey,TUR,2011,9.939326,921.2630615
Turkey,TUR,2012,9.353703,923.2225342
Turkey,TUR,2013,8.8187065,980.7960205
Turkey,TUR,2014,8.341848,1041.945801
Turkey,TUR,2015,7.927164,1060.242432
Turkey,TUR,2016,7.569238,1135.958252
Turkey,TUR,2017,7.1386657,1166.727783
Turkey,TUR,2018,6.766288,1152.406982
Turkey,TUR,2019,6.4436345,1186.739258
Turkmenistan,TKM,2010,20.90125,490.1733398
Turkmenistan,TKM,2011,20.640987,553.0581055
Turkmenistan,TKM,2012,20.479202,575.8458252
Turkmenistan,TKM,2013,20.42404,656.1480713
Turkmenistan,TKM,2014,20.42372,741.7038574
Turkmenistan,TKM,2015,20.476494,862.2255859
Turkmenistan,TKM,2016,20.55808,918.1063843
Turkmenistan,TKM,2017,20.6263,985.1708374
Turkmenistan,TKM,2018,20.61034,1004.807922
Turkmenistan,TKM,2019,20.466236,1063.843506
Tuvalu,TUV,2010,18.312416,484.0609131
Tuvalu,TUV,2011,17.924107,495.6594238
Tuvalu,TUV,2012,17.572138,468.0531311
Tuvalu,TUV,2013,17.21493,591.0674438
Tuvalu,TUV,2014,16.851717,554.4144287
Tuvalu,TUV,2015,16.452526,600.8974609
Tuvalu,TUV,2016,16.079153,626.5020752
Tuvalu,TUV,2017,15.722039,691.0588989
Tuvalu,TUV,2018,15.369291,837.2957153
Tuvalu,TUV,2019,15.035635,1071.298584
Uganda,UGA,2010,30.360449,141.2418976
Uganda,UGA,2011,29.18136,162.0820465
Uganda,UGA,2012,27.944841,136.5190887
Uganda,UGA,2013,26.747673,130.0207977
Uganda,UGA,2014,25.678068,121.6557465
Uganda,UGA,2015,24.694159,113.3619156
Uganda,UGA,2016,23.736322,107.9230042
Uganda,UGA,2017,22.971682,87.20411682
Uganda,UGA,2018,22.211958,92.1367569
Uganda,UGA,2019,21.595497,92.3787384
Ukraine,UKR,2010,7.765046,562.6636963
Ukraine,UKR,2011,7.5867205,608.4458008
Ukraine,UKR,2012,7.2769003,666.9743652
Ukraine,UKR,2013,6.9519773,745.4968262
Ukraine,UKR,2014,6.8614044,736.2873535
Ukraine,UKR,2015,6.463228,753.8463745
Ukraine,UKR,2016,6.0806627,802.7776489
Ukraine,UKR,2017,5.9524374,842.4328003
Ukraine,UKR,2018,5.721866,907.9538574
Ukraine,UKR,2019,5.7291303,907.159668
United Arab Emirates,ARE,2010,5.8379784,2516.592285
United Arab Emirates,ARE,2011,5.7205315,2484.138184
United Arab Emirates,ARE,2012,5.5946565,2366.89502
United Arab Emirates,ARE,2013,5.4833326,2528.542236
United Arab Emirates,ARE,2014,5.372208,2672.525635
United Arab Emirates,ARE,2015,5.262248,2325.817139
United Arab Emirates,ARE,2016,5.154099,2217.173584
United Arab Emirates,ARE,2017,5.0361533,2727.390137
United Arab Emirates,ARE,2018,4.9167056,2843.776855
United Arab Emirates,ARE,2019,4.8005247,2996.363281
United Kingdom,GBR,2010,4.28365,3601.096924
United Kingdom,GBR,2011,4.203549,3674.361328
United Kingdom,GBR,2012,4.0287285,3809.362305
United Kingdom,GBR,2013,3.8910058,3997.300293
United Kingdom,GBR,2014,3.9033415,4124.464355
United Kingdom,GBR,2015,3.8890078,4231.580078
United Kingdom,GBR,2016,3.9065874,4374.492188
United Kingdom,GBR,2017,3.872034,4515.587402
United Kingdom,GBR,2018,3.875785,4830.183105
United Kingdom,GBR,2019,3.835787,5087.381348
United States,USA,2010,5.858853,7888.352051
United States,USA,2011,5.7923036,8080.214844
United States,USA,2012,5.7552557,8342.580078
United States,USA,2013,5.7166204,8522.125977
United States,USA,2014,5.6889987,8939.396484
United States,USA,2015,5.7772455,9392.066406
United States,USA,2016,5.871337,9775
United States,USA,2017,5.8182616,10103.0918
United States,USA,2018,5.7170844,10515.32324
United States,USA,2019,5.7112827,10921.0127
Uruguay,URY,2010,7.9501467,1445.296021
Uruguay,URY,2011,7.818074,1554.598145
Uruguay,URY,2012,7.6833987,1594.398438
Uruguay,URY,2013,7.50821,1687.260254
Uruguay,URY,2014,7.259492,1762.259277
Uruguay,URY,2015,6.920399,1821.24231
Uruguay,URY,2016,6.5347257,1948.004395
Uruguay,URY,2017,6.1545258,2029.886841
Uruguay,URY,2018,5.8922257,2158.264404
Uruguay,URY,2019,5.786699,2309.842773
Uzbekistan,UZB,2010,15.98412,268.000946
Uzbekistan,UZB,2011,15.102486,285.8765869
Uzbekistan,UZB,2012,14.167387,315.2038269
Uzbekistan,UZB,2013,13.280201,339.9336853
Uzbekistan,UZB,2014,12.473254,290.9159546
Uzbekistan,UZB,2015,11.746724,320.1491699
Uzbekistan,UZB,2016,11.085756,324.6168823
Uzbekistan,UZB,2017,10.489994,335.387085
Uzbekistan,UZB,2018,9.973818,372.3752441
Uzbekistan,UZB,2019,9.486934,418.0134583
Vanuatu,VUT,2010,16.203272,97.49890137
Vanuatu,VUT,2011,16.251305,101.6566696
Vanuatu,VUT,2012,16.27312,110.3529587
Vanuatu,VUT,2013,16.208544,122.8177261
Vanuatu,VUT,2014,16.258867,103.5359497
Vanuatu,VUT,2015,16.045128,122.6976929
Vanuatu,VUT,2016,15.658484,85.52332306
Vanuatu,VUT,2017,15.393341,86.11024475
Vanuatu,VUT,2018,15.126675,107.2407074
Vanuatu,VUT,2019,14.814759,110.6408997
Venezuela,VEN,2010,11.40029,1143.423584
Venezuela,VEN,2011,11.428026,1257.978027
Venezuela,VEN,2012,11.458871,1183.047119
Venezuela,VEN,2013,11.525792,1043.441162
Venezuela,VEN,2014,11.710583,1045.802856
Venezuela,VEN,2015,11.816327,744.7506714
Venezuela,VEN,2016,11.992298,567.1637573
Venezuela,VEN,2017,12.120602,589.0471191
Venezuela,VEN,2018,12.08457,521.3259888
Venezuela,VEN,2019,11.8895035,384.5044861
Vietnam,VNM,2010,14.291321,251.3978271
Vietnam,VNM,2011,14.156132,265.6947937
Vietnam,VNM,2012,14.060728,316.587677
Vietnam,VNM,2013,13.972607,339.489563
Vietnam,VNM,2014,13.866315,332.2554016
Vietnam,VNM,2015,13.798041,344.9589844
Vietnam,VNM,2016,13.729031,371.977478
Vietnam,VNM,2017,13.651478,423.9846802
Vietnam,VNM,2018,13.58802,493.9914856
Vietnam,VNM,2019,13.496464,558.8729858
World,OWID_WRL,2010,17.301682,1038.084473
World,OWID_WRL,2011,16.800465,1083.643555
World,OWID_WRL,2012,16.37506,1126.468506
World,OWID_WRL,2013,15.958204,1177.091675
World,OWID_WRL,2014,15.536896,1218.206177
World,OWID_WRL,2015,15.14321,1257.441162
World,OWID_WRL,2016,14.76507,1301.969727
World,OWID_WRL,2017,14.382342,1345.745483
World,OWID_WRL,2018,14.041231,1407.340088
World,OWID_WRL,2019,13.736278,1466.824707
Yemen,YEM,2010,25.543163,214.7348328
Yemen,YEM,2011,25.44301,172.0408325
Yemen,YEM,2012,25.514786,181.4007263
Yemen,YEM,2013,25.377342,182.9818878
Yemen,YEM,2014,25.4912,176.7979889
Yemen,YEM,2015,26.429028,110.0100784
Zambia,ZMB,2010,31.132082,118.2317886
Zambia,ZMB,2011,30.583593,115.0262375
Zambia,ZMB,2012,30.022781,134.5271454
Zambia,ZMB,2013,29.099928,167.8805847
Zambia,ZMB,2014,28.374794,135.5336304
Zambia,ZMB,2015,28.17418,152.1418457
Zambia,ZMB,2016,27.552633,152.4342346
Zambia,ZMB,2017,27.334446,152.5386963
Zambia,ZMB,2018,27.509434,181.5465393
Zambia,ZMB,2019,27.129433,192.515564
Zimbabwe,ZWE,2010,32.70788,191.8000793
Zimbabwe,ZWE,2011,31.638718,169.8648682
Zimbabwe,ZWE,2012,29.650057,164.3764496
Zimbabwe,ZWE,2013,28.10558,182.074646
Zimbabwe,ZWE,2014,27.058178,212.490036
Zimbabwe,ZWE,2015,26.623413,199.6776581
Zimbabwe,ZWE,2016,25.842209,215.4045563
Zimbabwe,ZWE,2017,25.407349,226.2058716
Zimbabwe,ZWE,2018,24.67663,269.2037048
Zimbabwe,ZWE,2019,24.672134,208.412323
